DATASET,#TRAINING_RELEASES,%TRAINING_INSTANCES,CLASSIFIER,FEATURE_SELECTION,BALANCING,COST_SENSITIVE,PRECISION,RECALL,AUC,KAPPA,TRUE_POSITIVE,FALSE_POSITIVE,TRUE_NEGATIVE,FALSE_NEGATIVE
BOOKKEEPER,1,43.67245657568238,IBK,BEST_FIRST_FORWARD,NONE,SENSITIVE_LEARNING,NaN,0.0,0.5,0.0,0.0,0.0,141.0,86.0
BOOKKEEPER,1,43.67245657568238,IBK,BEST_FIRST_FORWARD,NONE,NONE,NaN,0.0,0.6585023915553356,0.0,0.0,0.0,141.0,86.0
BOOKKEEPER,1,43.67245657568238,IBK,BEST_FIRST_FORWARD,OVERSAMPLING,SENSITIVE_LEARNING,NaN,0.0,0.5,0.0,0.0,0.0,141.0,86.0
BOOKKEEPER,1,43.67245657568238,IBK,BEST_FIRST_FORWARD,OVERSAMPLING,NONE,NaN,0.0,0.5627989444169553,0.0,0.0,0.0,141.0,86.0
BOOKKEEPER,1,43.67245657568238,IBK,BEST_FIRST_FORWARD,SMOTE,SENSITIVE_LEARNING,NaN,0.0,0.5,0.0,0.0,0.0,141.0,86.0
BOOKKEEPER,1,43.67245657568238,IBK,BEST_FIRST_FORWARD,SMOTE,NONE,NaN,0.0,0.6585023915553356,0.0,0.0,0.0,141.0,86.0
BOOKKEEPER,1,43.67245657568238,IBK,BEST_FIRST_FORWARD,UNDERSAMPLING,SENSITIVE_LEARNING,NaN,0.0,0.5,0.0,0.0,0.0,141.0,86.0
BOOKKEEPER,1,43.67245657568238,IBK,BEST_FIRST_FORWARD,UNDERSAMPLING,NONE,NaN,0.0,0.6585023915553356,0.0,0.0,0.0,141.0,86.0
BOOKKEEPER,1,43.67245657568238,IBK,BEST_FIRST_BACKWARD,NONE,SENSITIVE_LEARNING,NaN,0.0,0.5,0.0,0.0,0.0,141.0,86.0
BOOKKEEPER,1,43.67245657568238,IBK,BEST_FIRST_BACKWARD,NONE,NONE,NaN,0.0,0.6585023915553356,0.0,0.0,0.0,141.0,86.0
BOOKKEEPER,1,43.67245657568238,IBK,BEST_FIRST_BACKWARD,OVERSAMPLING,SENSITIVE_LEARNING,NaN,0.0,0.5,0.0,0.0,0.0,141.0,86.0
BOOKKEEPER,1,43.67245657568238,IBK,BEST_FIRST_BACKWARD,OVERSAMPLING,NONE,NaN,0.0,0.5627989444169553,0.0,0.0,0.0,141.0,86.0
BOOKKEEPER,1,43.67245657568238,IBK,BEST_FIRST_BACKWARD,SMOTE,SENSITIVE_LEARNING,NaN,0.0,0.5,0.0,0.0,0.0,141.0,86.0
BOOKKEEPER,1,43.67245657568238,IBK,BEST_FIRST_BACKWARD,SMOTE,NONE,NaN,0.0,0.6585023915553356,0.0,0.0,0.0,141.0,86.0
BOOKKEEPER,1,43.67245657568238,IBK,BEST_FIRST_BACKWARD,UNDERSAMPLING,SENSITIVE_LEARNING,NaN,0.0,0.5,0.0,0.0,0.0,141.0,86.0
BOOKKEEPER,1,43.67245657568238,IBK,BEST_FIRST_BACKWARD,UNDERSAMPLING,NONE,NaN,0.0,0.6585023915553356,0.0,0.0,0.0,141.0,86.0
BOOKKEEPER,1,43.67245657568238,IBK,NONE,NONE,SENSITIVE_LEARNING,NaN,0.0,0.5,0.0,0.0,0.0,141.0,86.0
BOOKKEEPER,1,43.67245657568238,IBK,NONE,NONE,NONE,NaN,0.0,0.5015668810819727,0.0,0.0,0.0,141.0,86.0
BOOKKEEPER,1,43.67245657568238,IBK,NONE,OVERSAMPLING,SENSITIVE_LEARNING,NaN,0.0,0.5,0.0,0.0,0.0,141.0,86.0
BOOKKEEPER,1,43.67245657568238,IBK,NONE,OVERSAMPLING,NONE,NaN,0.0,0.5803232723074385,0.0,0.0,0.0,141.0,86.0
BOOKKEEPER,1,43.67245657568238,IBK,NONE,SMOTE,SENSITIVE_LEARNING,NaN,0.0,0.5,0.0,0.0,0.0,141.0,86.0
BOOKKEEPER,1,43.67245657568238,IBK,NONE,SMOTE,NONE,NaN,0.0,0.5015668810819727,0.0,0.0,0.0,141.0,86.0
BOOKKEEPER,1,43.67245657568238,IBK,NONE,UNDERSAMPLING,SENSITIVE_LEARNING,NaN,0.0,0.5,0.0,0.0,0.0,141.0,86.0
BOOKKEEPER,1,43.67245657568238,IBK,NONE,UNDERSAMPLING,NONE,NaN,0.0,0.5015668810819727,0.0,0.0,0.0,141.0,86.0
BOOKKEEPER,2,56.44257703081232,IBK,BEST_FIRST_FORWARD,NONE,SENSITIVE_LEARNING,0.14285714285714285,0.016666666666666666,0.49638114209827355,-0.010901635245287066,1.0,6.0,245.0,59.0
BOOKKEEPER,2,56.44257703081232,IBK,BEST_FIRST_FORWARD,NONE,NONE,0.14285714285714285,0.016666666666666666,0.5635458167330677,-0.010901635245287066,1.0,6.0,245.0,59.0
BOOKKEEPER,2,56.44257703081232,IBK,BEST_FIRST_FORWARD,OVERSAMPLING,SENSITIVE_LEARNING,0.3333333333333333,0.1,0.5260956175298804,0.07113765951669848,6.0,12.0,239.0,54.0
BOOKKEEPER,2,56.44257703081232,IBK,BEST_FIRST_FORWARD,OVERSAMPLING,NONE,0.3333333333333333,0.1,0.6250996015936255,0.07113765951669848,6.0,12.0,239.0,54.0
BOOKKEEPER,2,56.44257703081232,IBK,BEST_FIRST_FORWARD,SMOTE,SENSITIVE_LEARNING,0.2857142857142857,0.06666666666666667,0.5134130146082337,0.03787381644323607,4.0,10.0,241.0,56.0
BOOKKEEPER,2,56.44257703081232,IBK,BEST_FIRST_FORWARD,SMOTE,NONE,0.2857142857142857,0.06666666666666667,0.6314741035856574,0.03787381644323607,4.0,10.0,241.0,56.0
BOOKKEEPER,2,56.44257703081232,IBK,BEST_FIRST_FORWARD,UNDERSAMPLING,SENSITIVE_LEARNING,0.2619047619047619,0.36666666666666664,0.5598273572377158,0.10384970032272942,22.0,62.0,189.0,38.0
BOOKKEEPER,2,56.44257703081232,IBK,BEST_FIRST_FORWARD,UNDERSAMPLING,NONE,0.2619047619047619,0.36666666666666664,0.5744355909694555,0.10384970032272942,22.0,62.0,189.0,38.0
BOOKKEEPER,2,56.44257703081232,IBK,BEST_FIRST_BACKWARD,NONE,SENSITIVE_LEARNING,0.14285714285714285,0.016666666666666666,0.49638114209827355,-0.010901635245287066,1.0,6.0,245.0,59.0
BOOKKEEPER,2,56.44257703081232,IBK,BEST_FIRST_BACKWARD,NONE,NONE,0.14285714285714285,0.016666666666666666,0.5635458167330677,-0.010901635245287066,1.0,6.0,245.0,59.0
BOOKKEEPER,2,56.44257703081232,IBK,BEST_FIRST_BACKWARD,OVERSAMPLING,SENSITIVE_LEARNING,0.3333333333333333,0.1,0.5260956175298804,0.07113765951669848,6.0,12.0,239.0,54.0
BOOKKEEPER,2,56.44257703081232,IBK,BEST_FIRST_BACKWARD,OVERSAMPLING,NONE,0.3333333333333333,0.1,0.6250996015936255,0.07113765951669848,6.0,12.0,239.0,54.0
BOOKKEEPER,2,56.44257703081232,IBK,BEST_FIRST_BACKWARD,SMOTE,SENSITIVE_LEARNING,0.2857142857142857,0.06666666666666667,0.5134130146082337,0.03787381644323607,4.0,10.0,241.0,56.0
BOOKKEEPER,2,56.44257703081232,IBK,BEST_FIRST_BACKWARD,SMOTE,NONE,0.2857142857142857,0.06666666666666667,0.6314741035856574,0.03787381644323607,4.0,10.0,241.0,56.0
BOOKKEEPER,2,56.44257703081232,IBK,BEST_FIRST_BACKWARD,UNDERSAMPLING,SENSITIVE_LEARNING,0.2619047619047619,0.36666666666666664,0.5598273572377158,0.10384970032272942,22.0,62.0,189.0,38.0
BOOKKEEPER,2,56.44257703081232,IBK,BEST_FIRST_BACKWARD,UNDERSAMPLING,NONE,0.2619047619047619,0.36666666666666664,0.5744355909694555,0.10384970032272942,22.0,62.0,189.0,38.0
BOOKKEEPER,2,56.44257703081232,IBK,NONE,NONE,SENSITIVE_LEARNING,0.125,0.016666666666666666,0.4943891102257636,-0.016742619377848416,1.0,7.0,244.0,59.0
BOOKKEEPER,2,56.44257703081232,IBK,NONE,NONE,NONE,0.125,0.016666666666666666,0.5596945551128818,-0.016742619377848416,1.0,7.0,244.0,59.0
BOOKKEEPER,2,56.44257703081232,IBK,NONE,OVERSAMPLING,SENSITIVE_LEARNING,0.3157894736842105,0.1,0.5241035856573705,0.06514424155413005,6.0,13.0,238.0,54.0
BOOKKEEPER,2,56.44257703081232,IBK,NONE,OVERSAMPLING,NONE,0.3157894736842105,0.1,0.5680610889774237,0.06514424155413005,6.0,13.0,238.0,54.0
BOOKKEEPER,2,56.44257703081232,IBK,NONE,SMOTE,SENSITIVE_LEARNING,0.17647058823529413,0.05,0.49711155378486055,-0.007942666727530074,3.0,14.0,237.0,57.0
BOOKKEEPER,2,56.44257703081232,IBK,NONE,SMOTE,NONE,0.17647058823529413,0.05,0.5600929614873837,-0.007942666727530074,3.0,14.0,237.0,57.0
BOOKKEEPER,2,56.44257703081232,IBK,NONE,UNDERSAMPLING,SENSITIVE_LEARNING,0.25396825396825395,0.26666666666666666,0.5397078353253653,0.07793307920372737,16.0,47.0,204.0,44.0
BOOKKEEPER,2,56.44257703081232,IBK,NONE,UNDERSAMPLING,NONE,0.25396825396825395,0.26666666666666666,0.5563081009296149,0.07793307920372737,16.0,47.0,204.0,44.0
BOOKKEEPER,3,66.66666666666667,IBK,BEST_FIRST_FORWARD,NONE,SENSITIVE_LEARNING,0.22105263157894736,0.44680851063829785,0.6040494166094715,0.14519682022794747,21.0,74.0,236.0,26.0
BOOKKEEPER,3,66.66666666666667,IBK,BEST_FIRST_FORWARD,NONE,NONE,0.25925925925925924,0.44680851063829785,0.7007206588881263,0.1937923428391364,21.0,60.0,250.0,26.0
BOOKKEEPER,3,66.66666666666667,IBK,BEST_FIRST_FORWARD,OVERSAMPLING,SENSITIVE_LEARNING,0.25,0.574468085106383,0.656588881262869,0.20197862027753802,27.0,81.0,229.0,20.0
BOOKKEEPER,3,66.66666666666667,IBK,BEST_FIRST_FORWARD,OVERSAMPLING,NONE,0.25471698113207547,0.574468085106383,0.7076183939601922,0.208567525807824,27.0,79.0,231.0,20.0
BOOKKEEPER,3,66.66666666666667,IBK,BEST_FIRST_FORWARD,SMOTE,SENSITIVE_LEARNING,0.13333333333333333,0.2127659574468085,0.5015442690459849,0.0024654832347141284,10.0,65.0,245.0,37.0
BOOKKEEPER,3,66.66666666666667,IBK,BEST_FIRST_FORWARD,SMOTE,NONE,0.15625,0.2127659574468085,0.6438915579958819,0.03344143286424104,10.0,54.0,256.0,37.0
BOOKKEEPER,3,66.66666666666667,IBK,BEST_FIRST_FORWARD,UNDERSAMPLING,SENSITIVE_LEARNING,0.1986754966887417,0.6382978723404256,0.6239876458476321,0.12791191673157262,30.0,121.0,189.0,17.0
BOOKKEEPER,3,66.66666666666667,IBK,BEST_FIRST_FORWARD,UNDERSAMPLING,NONE,0.20408163265306123,0.6382978723404256,0.653054221002059,0.1371212121212122,30.0,117.0,193.0,17.0
BOOKKEEPER,3,66.66666666666667,IBK,BEST_FIRST_BACKWARD,NONE,SENSITIVE_LEARNING,0.17647058823529413,0.3191489361702128,0.5466712422786548,0.06950477845351874,15.0,70.0,240.0,32.0
BOOKKEEPER,3,66.66666666666667,IBK,BEST_FIRST_BACKWARD,NONE,NONE,0.2112676056338028,0.3191489361702128,0.667433081674674,0.11384407085636908,15.0,56.0,254.0,32.0
BOOKKEEPER,3,66.66666666666667,IBK,BEST_FIRST_BACKWARD,OVERSAMPLING,SENSITIVE_LEARNING,0.25,0.574468085106383,0.656588881262869,0.20197862027753802,27.0,81.0,229.0,20.0
BOOKKEEPER,3,66.66666666666667,IBK,BEST_FIRST_BACKWARD,OVERSAMPLING,NONE,0.25471698113207547,0.574468085106383,0.7076183939601922,0.208567525807824,27.0,79.0,231.0,20.0
BOOKKEEPER,3,66.66666666666667,IBK,BEST_FIRST_BACKWARD,SMOTE,SENSITIVE_LEARNING,0.13333333333333333,0.2127659574468085,0.5015442690459849,0.0024654832347141284,10.0,65.0,245.0,37.0
BOOKKEEPER,3,66.66666666666667,IBK,BEST_FIRST_BACKWARD,SMOTE,NONE,0.15625,0.2127659574468085,0.6438915579958819,0.03344143286424104,10.0,54.0,256.0,37.0
BOOKKEEPER,3,66.66666666666667,IBK,BEST_FIRST_BACKWARD,UNDERSAMPLING,SENSITIVE_LEARNING,0.19310344827586207,0.5957446808510638,0.609162663006177,0.11585388061332273,28.0,117.0,193.0,19.0
BOOKKEEPER,3,66.66666666666667,IBK,BEST_FIRST_BACKWARD,UNDERSAMPLING,NONE,0.19858156028368795,0.5957446808510638,0.6414550446122169,0.12509747131558419,28.0,113.0,197.0,19.0
BOOKKEEPER,3,66.66666666666667,IBK,NONE,NONE,SENSITIVE_LEARNING,0.1643835616438356,0.2553191489361702,0.5292724776938915,0.047417866473956155,12.0,61.0,249.0,35.0
BOOKKEEPER,3,66.66666666666667,IBK,NONE,NONE,NONE,0.2033898305084746,0.2553191489361702,0.6655799588194921,0.09357195937577417,12.0,47.0,263.0,35.0
BOOKKEEPER,3,66.66666666666667,IBK,NONE,OVERSAMPLING,SENSITIVE_LEARNING,0.16883116883116883,0.2765957446808511,0.5350720658888126,0.05519848771266545,13.0,64.0,246.0,34.0
BOOKKEEPER,3,66.66666666666667,IBK,NONE,OVERSAMPLING,NONE,0.17333333333333334,0.2765957446808511,0.6384008236101578,0.06114398422090721,13.0,62.0,248.0,34.0
BOOKKEEPER,3,66.66666666666667,IBK,NONE,SMOTE,SENSITIVE_LEARNING,0.15,0.2553191489361702,0.5179821551132464,0.02771093894603236,12.0,68.0,242.0,35.0
BOOKKEEPER,3,66.66666666666667,IBK,NONE,SMOTE,NONE,0.1791044776119403,0.2553191489361702,0.6512010981468771,0.06598837209302348,12.0,55.0,255.0,35.0
BOOKKEEPER,3,66.66666666666667,IBK,NONE,UNDERSAMPLING,SENSITIVE_LEARNING,0.16783216783216784,0.5106382978723404,0.5633836650652024,0.06791939398396697,24.0,119.0,191.0,23.0
BOOKKEEPER,3,66.66666666666667,IBK,NONE,UNDERSAMPLING,NONE,0.17142857142857143,0.5106382978723404,0.5990391214824983,0.07418048844194859,24.0,116.0,194.0,23.0
BOOKKEEPER,4,73.96408839779005,IBK,BEST_FIRST_FORWARD,NONE,SENSITIVE_LEARNING,0.16417910447761194,0.275,0.5544139465875371,0.08387889876783235,11.0,56.0,281.0,29.0
BOOKKEEPER,4,73.96408839779005,IBK,BEST_FIRST_FORWARD,NONE,NONE,0.3235294117647059,0.275,0.6830860534124629,0.22138374771625988,11.0,23.0,314.0,29.0
BOOKKEEPER,4,73.96408839779005,IBK,BEST_FIRST_FORWARD,OVERSAMPLING,SENSITIVE_LEARNING,0.1744186046511628,0.375,0.5821587537091988,0.10905420707990765,15.0,71.0,266.0,25.0
BOOKKEEPER,4,73.96408839779005,IBK,BEST_FIRST_FORWARD,OVERSAMPLING,NONE,0.21428571428571427,0.375,0.7106083086053413,0.15918594926122126,15.0,55.0,282.0,25.0
BOOKKEEPER,4,73.96408839779005,IBK,BEST_FIRST_FORWARD,SMOTE,SENSITIVE_LEARNING,0.1891891891891892,0.35,0.5859792284866469,0.12510119272491763,14.0,60.0,277.0,26.0
BOOKKEEPER,4,73.96408839779005,IBK,BEST_FIRST_FORWARD,SMOTE,NONE,0.32558139534883723,0.35,0.7061572700296735,0.25550249542206765,14.0,29.0,308.0,26.0
BOOKKEEPER,4,73.96408839779005,IBK,BEST_FIRST_FORWARD,UNDERSAMPLING,SENSITIVE_LEARNING,0.14782608695652175,0.425,0.5670994065281899,0.07348430994211437,17.0,98.0,239.0,23.0
BOOKKEEPER,4,73.96408839779005,IBK,BEST_FIRST_FORWARD,UNDERSAMPLING,NONE,0.1827956989247312,0.425,0.6494807121661721,0.12594552820777033,17.0,76.0,261.0,23.0
BOOKKEEPER,4,73.96408839779005,IBK,BEST_FIRST_BACKWARD,NONE,SENSITIVE_LEARNING,0.16417910447761194,0.275,0.5544139465875371,0.08387889876783235,11.0,56.0,281.0,29.0
BOOKKEEPER,4,73.96408839779005,IBK,BEST_FIRST_BACKWARD,NONE,NONE,0.3235294117647059,0.275,0.6830860534124629,0.22138374771625988,11.0,23.0,314.0,29.0
BOOKKEEPER,4,73.96408839779005,IBK,BEST_FIRST_BACKWARD,OVERSAMPLING,SENSITIVE_LEARNING,0.20454545454545456,0.45,0.6211424332344213,0.1584821428571428,18.0,70.0,267.0,22.0
BOOKKEEPER,4,73.96408839779005,IBK,BEST_FIRST_BACKWARD,OVERSAMPLING,NONE,0.25,0.45,0.7132047477744807,0.21423870118473004,18.0,54.0,283.0,22.0
BOOKKEEPER,4,73.96408839779005,IBK,BEST_FIRST_BACKWARD,SMOTE,SENSITIVE_LEARNING,0.1891891891891892,0.35,0.5859792284866469,0.12510119272491763,14.0,60.0,277.0,26.0
BOOKKEEPER,4,73.96408839779005,IBK,BEST_FIRST_BACKWARD,SMOTE,NONE,0.32558139534883723,0.35,0.7061572700296735,0.25550249542206765,14.0,29.0,308.0,26.0
BOOKKEEPER,4,73.96408839779005,IBK,BEST_FIRST_BACKWARD,UNDERSAMPLING,SENSITIVE_LEARNING,0.14782608695652175,0.425,0.5670994065281899,0.07348430994211437,17.0,98.0,239.0,23.0
BOOKKEEPER,4,73.96408839779005,IBK,BEST_FIRST_BACKWARD,UNDERSAMPLING,NONE,0.1827956989247312,0.425,0.6494807121661721,0.12594552820777033,17.0,76.0,261.0,23.0
BOOKKEEPER,4,73.96408839779005,IBK,NONE,NONE,SENSITIVE_LEARNING,0.2,0.35,0.591913946587537,0.1381655979927514,14.0,56.0,281.0,26.0
BOOKKEEPER,4,73.96408839779005,IBK,NONE,NONE,NONE,0.3684210526315789,0.35,0.7149109792284867,0.2850640977015856,14.0,24.0,313.0,26.0
BOOKKEEPER,4,73.96408839779005,IBK,NONE,OVERSAMPLING,SENSITIVE_LEARNING,0.17391304347826086,0.4,0.587240356083086,0.11093293085557944,16.0,76.0,261.0,24.0
BOOKKEEPER,4,73.96408839779005,IBK,NONE,OVERSAMPLING,NONE,0.21052631578947367,0.4,0.6693991097922849,0.15892914055030247,16.0,60.0,277.0,24.0
BOOKKEEPER,4,73.96408839779005,IBK,NONE,SMOTE,SENSITIVE_LEARNING,0.1917808219178082,0.35,0.5874629080118694,0.12828813144364953,14.0,59.0,278.0,26.0
BOOKKEEPER,4,73.96408839779005,IBK,NONE,SMOTE,NONE,0.3333333333333333,0.35,0.7074554896142433,0.26115990418813945,14.0,28.0,309.0,26.0
BOOKKEEPER,4,73.96408839779005,IBK,NONE,UNDERSAMPLING,SENSITIVE_LEARNING,0.15126050420168066,0.45,0.5751483679525222,0.08036015310473402,18.0,101.0,236.0,22.0
BOOKKEEPER,4,73.96408839779005,IBK,NONE,UNDERSAMPLING,NONE,0.18556701030927836,0.45,0.6554154302670623,0.1324249812025793,18.0,79.0,258.0,22.0
BOOKKEEPER,5,77.89133942980096,IBK,BEST_FIRST_FORWARD,NONE,SENSITIVE_LEARNING,0.2361111111111111,0.3269230769230769,0.5868598671523463,0.14918575765939845,17.0,55.0,304.0,35.0
BOOKKEEPER,5,77.89133942980096,IBK,BEST_FIRST_FORWARD,NONE,NONE,0.5714285714285714,0.3076923076923077,0.740625669595029,0.3416978109983985,16.0,12.0,347.0,36.0
BOOKKEEPER,5,77.89133942980096,IBK,BEST_FIRST_FORWARD,OVERSAMPLING,SENSITIVE_LEARNING,0.20224719101123595,0.34615384615384615,0.5741911292050568,0.11376938083992187,18.0,71.0,288.0,34.0
BOOKKEEPER,5,77.89133942980096,IBK,BEST_FIRST_FORWARD,OVERSAMPLING,NONE,0.2608695652173913,0.34615384615384615,0.7065566745232483,0.17906238984843165,18.0,51.0,308.0,34.0
BOOKKEEPER,5,77.89133942980096,IBK,BEST_FIRST_FORWARD,SMOTE,SENSITIVE_LEARNING,0.2727272727272727,0.40384615384615385,0.6239286479537176,0.20559418808735652,21.0,56.0,303.0,31.0
BOOKKEEPER,5,77.89133942980096,IBK,BEST_FIRST_FORWARD,SMOTE,NONE,0.5714285714285714,0.38461538461538464,0.764222198414399,0.398542827785908,20.0,15.0,344.0,32.0
BOOKKEEPER,5,77.89133942980096,IBK,BEST_FIRST_FORWARD,UNDERSAMPLING,SENSITIVE_LEARNING,0.23648648648648649,0.6730769230769231,0.6791568459395757,0.2002454795832835,35.0,113.0,246.0,17.0
BOOKKEEPER,5,77.89133942980096,IBK,BEST_FIRST_FORWARD,UNDERSAMPLING,NONE,0.26515151515151514,0.6730769230769231,0.7324030426398115,0.24302055060100822,35.0,97.0,262.0,17.0
BOOKKEEPER,5,77.89133942980096,IBK,BEST_FIRST_BACKWARD,NONE,SENSITIVE_LEARNING,0.2361111111111111,0.3269230769230769,0.5868598671523463,0.14918575765939845,17.0,55.0,304.0,35.0
BOOKKEEPER,5,77.89133942980096,IBK,BEST_FIRST_BACKWARD,NONE,NONE,0.5714285714285714,0.3076923076923077,0.740625669595029,0.3416978109983985,16.0,12.0,347.0,36.0
BOOKKEEPER,5,77.89133942980096,IBK,BEST_FIRST_BACKWARD,OVERSAMPLING,SENSITIVE_LEARNING,0.20238095238095238,0.3269230769230769,0.5701467752303407,0.11106870229007623,17.0,67.0,292.0,35.0
BOOKKEEPER,5,77.89133942980096,IBK,BEST_FIRST_BACKWARD,OVERSAMPLING,NONE,0.265625,0.3269230769230769,0.7061013499035783,0.17840078010726493,17.0,47.0,312.0,35.0
BOOKKEEPER,5,77.89133942980096,IBK,BEST_FIRST_BACKWARD,SMOTE,SENSITIVE_LEARNING,0.2727272727272727,0.40384615384615385,0.6239286479537176,0.20559418808735652,21.0,56.0,303.0,31.0
BOOKKEEPER,5,77.89133942980096,IBK,BEST_FIRST_BACKWARD,SMOTE,NONE,0.5714285714285714,0.38461538461538464,0.764222198414399,0.398542827785908,20.0,15.0,344.0,32.0
BOOKKEEPER,5,77.89133942980096,IBK,BEST_FIRST_BACKWARD,UNDERSAMPLING,SENSITIVE_LEARNING,0.22666666666666666,0.6538461538461539,0.6653631883436897,0.18314496751802067,34.0,116.0,243.0,18.0
BOOKKEEPER,5,77.89133942980096,IBK,BEST_FIRST_BACKWARD,UNDERSAMPLING,NONE,0.2537313432835821,0.6538461538461539,0.7199485751017785,0.2241561350183972,34.0,100.0,259.0,18.0
BOOKKEEPER,5,77.89133942980096,IBK,NONE,NONE,SENSITIVE_LEARNING,0.23529411764705882,0.3076923076923077,0.581422755517463,0.14391213785267942,16.0,52.0,307.0,36.0
BOOKKEEPER,5,77.89133942980096,IBK,NONE,NONE,NONE,0.5769230769230769,0.28846153846153844,0.7441075637454467,0.32792805069155834,15.0,11.0,348.0,37.0
BOOKKEEPER,5,77.89133942980096,IBK,NONE,OVERSAMPLING,SENSITIVE_LEARNING,0.24705882352941178,0.40384615384615385,0.6127865866723805,0.17742852929403555,21.0,64.0,295.0,31.0
BOOKKEEPER,5,77.89133942980096,IBK,NONE,OVERSAMPLING,NONE,0.3230769230769231,0.40384615384615385,0.7299389329333619,0.25411958283930597,21.0,44.0,315.0,31.0
BOOKKEEPER,5,77.89133942980096,IBK,NONE,SMOTE,SENSITIVE_LEARNING,0.2465753424657534,0.34615384615384615,0.5964752517677309,0.16453874791585776,18.0,55.0,304.0,34.0
BOOKKEEPER,5,77.89133942980096,IBK,NONE,SMOTE,NONE,0.5483870967741935,0.3269230769230769,0.7499196485965288,0.3480203308621193,17.0,14.0,345.0,35.0
BOOKKEEPER,5,77.89133942980096,IBK,NONE,UNDERSAMPLING,SENSITIVE_LEARNING,0.24444444444444444,0.6346153846153846,0.675246410970645,0.2083194039829983,33.0,102.0,257.0,19.0
BOOKKEEPER,5,77.89133942980096,IBK,NONE,UNDERSAMPLING,NONE,0.2727272727272727,0.6346153846153846,0.7364206128133705,0.24850048702130922,33.0,88.0,271.0,19.0
BOOKKEEPER,6,81.3566739606127,IBK,BEST_FIRST_FORWARD,NONE,SENSITIVE_LEARNING,0.16666666666666666,0.25,0.5602331606217616,0.09841269841269822,10.0,50.0,336.0,30.0
BOOKKEEPER,6,81.3566739606127,IBK,BEST_FIRST_FORWARD,NONE,NONE,0.36,0.225,0.7403497409326425,0.2206305955624755,9.0,16.0,370.0,31.0
BOOKKEEPER,6,81.3566739606127,IBK,BEST_FIRST_FORWARD,OVERSAMPLING,SENSITIVE_LEARNING,0.21052631578947367,0.5,0.6528497409326425,0.1891404528150671,20.0,75.0,311.0,20.0
BOOKKEEPER,6,81.3566739606127,IBK,BEST_FIRST_FORWARD,OVERSAMPLING,NONE,0.31666666666666665,0.475,0.79375,0.3012698412698413,19.0,41.0,345.0,21.0
BOOKKEEPER,6,81.3566739606127,IBK,BEST_FIRST_FORWARD,SMOTE,SENSITIVE_LEARNING,0.20833333333333334,0.375,0.6136658031088082,0.16733409610983965,15.0,57.0,329.0,25.0
BOOKKEEPER,6,81.3566739606127,IBK,BEST_FIRST_FORWARD,SMOTE,NONE,0.358974358974359,0.35,0.7739637305699482,0.28846531735114994,14.0,25.0,361.0,26.0
BOOKKEEPER,6,81.3566739606127,IBK,BEST_FIRST_FORWARD,UNDERSAMPLING,SENSITIVE_LEARNING,0.17333333333333334,0.65,0.664378238341969,0.1472584856396866,26.0,124.0,262.0,14.0
BOOKKEEPER,6,81.3566739606127,IBK,BEST_FIRST_FORWARD,UNDERSAMPLING,NONE,0.20353982300884957,0.575,0.7214378238341969,0.1880366240336316,23.0,90.0,296.0,17.0
BOOKKEEPER,6,81.3566739606127,IBK,BEST_FIRST_BACKWARD,NONE,SENSITIVE_LEARNING,0.18461538461538463,0.3,0.5813471502590674,0.1270933468251962,12.0,53.0,333.0,28.0
BOOKKEEPER,6,81.3566739606127,IBK,BEST_FIRST_BACKWARD,NONE,NONE,0.36666666666666664,0.275,0.7444300518134715,0.25426695842450797,11.0,19.0,367.0,29.0
BOOKKEEPER,6,81.3566739606127,IBK,BEST_FIRST_BACKWARD,OVERSAMPLING,SENSITIVE_LEARNING,0.21052631578947367,0.5,0.6528497409326425,0.1891404528150671,20.0,75.0,311.0,20.0
BOOKKEEPER,6,81.3566739606127,IBK,BEST_FIRST_BACKWARD,OVERSAMPLING,NONE,0.31666666666666665,0.475,0.79375,0.3012698412698413,19.0,41.0,345.0,21.0
BOOKKEEPER,6,81.3566739606127,IBK,BEST_FIRST_BACKWARD,SMOTE,SENSITIVE_LEARNING,0.20833333333333334,0.375,0.6136658031088082,0.16733409610983965,15.0,57.0,329.0,25.0
BOOKKEEPER,6,81.3566739606127,IBK,BEST_FIRST_BACKWARD,SMOTE,NONE,0.358974358974359,0.35,0.7739637305699482,0.28846531735114994,14.0,25.0,361.0,26.0
BOOKKEEPER,6,81.3566739606127,IBK,BEST_FIRST_BACKWARD,UNDERSAMPLING,SENSITIVE_LEARNING,0.16666666666666666,0.625,0.6505829015544041,0.1348999129677981,25.0,125.0,261.0,15.0
BOOKKEEPER,6,81.3566739606127,IBK,BEST_FIRST_BACKWARD,UNDERSAMPLING,NONE,0.19469026548672566,0.55,0.7095854922279793,0.17285973850154973,22.0,91.0,295.0,18.0
BOOKKEEPER,6,81.3566739606127,IBK,NONE,NONE,SENSITIVE_LEARNING,0.22950819672131148,0.35,0.614119170984456,0.18476380223352362,14.0,47.0,339.0,26.0
BOOKKEEPER,6,81.3566739606127,IBK,NONE,NONE,NONE,0.5,0.325,0.7790479274611399,0.34552158549700396,13.0,13.0,373.0,27.0
BOOKKEEPER,6,81.3566739606127,IBK,NONE,OVERSAMPLING,SENSITIVE_LEARNING,0.23076923076923078,0.525,0.6718264248704663,0.21868688950253456,21.0,70.0,316.0,19.0
BOOKKEEPER,6,81.3566739606127,IBK,NONE,OVERSAMPLING,NONE,0.35714285714285715,0.5,0.8084844559585492,0.344903339191564,20.0,36.0,350.0,20.0
BOOKKEEPER,6,81.3566739606127,IBK,NONE,SMOTE,SENSITIVE_LEARNING,0.234375,0.375,0.6240284974093264,0.19548795426704807,15.0,49.0,337.0,25.0
BOOKKEEPER,6,81.3566739606127,IBK,NONE,SMOTE,NONE,0.45161290322580644,0.35,0.7855246113989637,0.34027227544478844,14.0,17.0,369.0,26.0
BOOKKEEPER,6,81.3566739606127,IBK,NONE,UNDERSAMPLING,SENSITIVE_LEARNING,0.17006802721088435,0.625,0.6544689119170984,0.14049659803834955,25.0,122.0,264.0,15.0
BOOKKEEPER,6,81.3566739606127,IBK,NONE,UNDERSAMPLING,NONE,0.2,0.55,0.7202072538860104,0.1804718693284935,22.0,88.0,298.0,18.0
BOOKKEEPER,1,43.67245657568238,RANDOM_FOREST,BEST_FIRST_FORWARD,NONE,SENSITIVE_LEARNING,NaN,0.0,0.5,0.0,0.0,0.0,141.0,86.0
BOOKKEEPER,1,43.67245657568238,RANDOM_FOREST,BEST_FIRST_FORWARD,NONE,NONE,NaN,0.0,0.5,0.0,0.0,0.0,141.0,86.0
BOOKKEEPER,1,43.67245657568238,RANDOM_FOREST,BEST_FIRST_FORWARD,OVERSAMPLING,SENSITIVE_LEARNING,NaN,0.0,0.5,0.0,0.0,0.0,141.0,86.0
BOOKKEEPER,1,43.67245657568238,RANDOM_FOREST,BEST_FIRST_FORWARD,OVERSAMPLING,NONE,NaN,0.0,0.5,0.0,0.0,0.0,141.0,86.0
BOOKKEEPER,1,43.67245657568238,RANDOM_FOREST,BEST_FIRST_FORWARD,SMOTE,SENSITIVE_LEARNING,NaN,0.0,0.5,0.0,0.0,0.0,141.0,86.0
BOOKKEEPER,1,43.67245657568238,RANDOM_FOREST,BEST_FIRST_FORWARD,SMOTE,NONE,NaN,0.0,0.5,0.0,0.0,0.0,141.0,86.0
BOOKKEEPER,1,43.67245657568238,RANDOM_FOREST,BEST_FIRST_FORWARD,UNDERSAMPLING,SENSITIVE_LEARNING,NaN,0.0,0.5,0.0,0.0,0.0,141.0,86.0
BOOKKEEPER,1,43.67245657568238,RANDOM_FOREST,BEST_FIRST_FORWARD,UNDERSAMPLING,NONE,NaN,0.0,0.5,0.0,0.0,0.0,141.0,86.0
BOOKKEEPER,1,43.67245657568238,RANDOM_FOREST,BEST_FIRST_BACKWARD,NONE,SENSITIVE_LEARNING,NaN,0.0,0.5,0.0,0.0,0.0,141.0,86.0
BOOKKEEPER,1,43.67245657568238,RANDOM_FOREST,BEST_FIRST_BACKWARD,NONE,NONE,NaN,0.0,0.5,0.0,0.0,0.0,141.0,86.0
BOOKKEEPER,1,43.67245657568238,RANDOM_FOREST,BEST_FIRST_BACKWARD,OVERSAMPLING,SENSITIVE_LEARNING,NaN,0.0,0.5,0.0,0.0,0.0,141.0,86.0
BOOKKEEPER,1,43.67245657568238,RANDOM_FOREST,BEST_FIRST_BACKWARD,OVERSAMPLING,NONE,NaN,0.0,0.5,0.0,0.0,0.0,141.0,86.0
BOOKKEEPER,1,43.67245657568238,RANDOM_FOREST,BEST_FIRST_BACKWARD,SMOTE,SENSITIVE_LEARNING,NaN,0.0,0.5,0.0,0.0,0.0,141.0,86.0
BOOKKEEPER,1,43.67245657568238,RANDOM_FOREST,BEST_FIRST_BACKWARD,SMOTE,NONE,NaN,0.0,0.5,0.0,0.0,0.0,141.0,86.0
BOOKKEEPER,1,43.67245657568238,RANDOM_FOREST,BEST_FIRST_BACKWARD,UNDERSAMPLING,SENSITIVE_LEARNING,NaN,0.0,0.5,0.0,0.0,0.0,141.0,86.0
BOOKKEEPER,1,43.67245657568238,RANDOM_FOREST,BEST_FIRST_BACKWARD,UNDERSAMPLING,NONE,NaN,0.0,0.5,0.0,0.0,0.0,141.0,86.0
BOOKKEEPER,1,43.67245657568238,RANDOM_FOREST,NONE,NONE,SENSITIVE_LEARNING,NaN,0.0,0.5,0.0,0.0,0.0,141.0,86.0
BOOKKEEPER,1,43.67245657568238,RANDOM_FOREST,NONE,NONE,NONE,NaN,0.0,0.5,0.0,0.0,0.0,141.0,86.0
BOOKKEEPER,1,43.67245657568238,RANDOM_FOREST,NONE,OVERSAMPLING,SENSITIVE_LEARNING,NaN,0.0,0.5,0.0,0.0,0.0,141.0,86.0
BOOKKEEPER,1,43.67245657568238,RANDOM_FOREST,NONE,OVERSAMPLING,NONE,NaN,0.0,0.5,0.0,0.0,0.0,141.0,86.0
BOOKKEEPER,1,43.67245657568238,RANDOM_FOREST,NONE,SMOTE,SENSITIVE_LEARNING,NaN,0.0,0.5,0.0,0.0,0.0,141.0,86.0
BOOKKEEPER,1,43.67245657568238,RANDOM_FOREST,NONE,SMOTE,NONE,NaN,0.0,0.5,0.0,0.0,0.0,141.0,86.0
BOOKKEEPER,1,43.67245657568238,RANDOM_FOREST,NONE,UNDERSAMPLING,SENSITIVE_LEARNING,NaN,0.0,0.5,0.0,0.0,0.0,141.0,86.0
BOOKKEEPER,1,43.67245657568238,RANDOM_FOREST,NONE,UNDERSAMPLING,NONE,NaN,0.0,0.5,0.0,0.0,0.0,141.0,86.0
BOOKKEEPER,2,56.44257703081232,RANDOM_FOREST,BEST_FIRST_FORWARD,NONE,SENSITIVE_LEARNING,0.36065573770491804,0.36666666666666664,0.6056440903054449,0.2099567813665008,22.0,39.0,212.0,38.0
BOOKKEEPER,2,56.44257703081232,RANDOM_FOREST,BEST_FIRST_FORWARD,NONE,NONE,0.3333333333333333,0.016666666666666666,0.648937583001328,0.013622419799303212,1.0,2.0,249.0,59.0
BOOKKEEPER,2,56.44257703081232,RANDOM_FOREST,BEST_FIRST_FORWARD,OVERSAMPLING,SENSITIVE_LEARNING,0.3582089552238806,0.4,0.6143426294820717,0.21896557205073575,24.0,43.0,208.0,36.0
BOOKKEEPER,2,56.44257703081232,RANDOM_FOREST,BEST_FIRST_FORWARD,OVERSAMPLING,NONE,0.3076923076923077,0.06666666666666667,0.6497011952191235,0.04389159532705844,4.0,9.0,242.0,56.0
BOOKKEEPER,2,56.44257703081232,RANDOM_FOREST,BEST_FIRST_FORWARD,SMOTE,SENSITIVE_LEARNING,0.3333333333333333,0.48333333333333334,0.626128818061089,0.21538112651302538,29.0,58.0,193.0,31.0
BOOKKEEPER,2,56.44257703081232,RANDOM_FOREST,BEST_FIRST_FORWARD,SMOTE,NONE,0.23529411764705882,0.06666666666666667,0.6385126162018593,0.020450084447893507,4.0,13.0,238.0,56.0
BOOKKEEPER,2,56.44257703081232,RANDOM_FOREST,BEST_FIRST_FORWARD,UNDERSAMPLING,SENSITIVE_LEARNING,0.3063063063063063,0.5666666666666667,0.6299468791500664,0.19638242894056832,34.0,77.0,174.0,26.0
BOOKKEEPER,2,56.44257703081232,RANDOM_FOREST,BEST_FIRST_FORWARD,UNDERSAMPLING,NONE,0.3684210526315789,0.4666666666666667,0.6372509960159363,0.2500602845430433,28.0,48.0,203.0,32.0
BOOKKEEPER,2,56.44257703081232,RANDOM_FOREST,BEST_FIRST_BACKWARD,NONE,SENSITIVE_LEARNING,0.36065573770491804,0.36666666666666664,0.6056440903054449,0.2099567813665008,22.0,39.0,212.0,38.0
BOOKKEEPER,2,56.44257703081232,RANDOM_FOREST,BEST_FIRST_BACKWARD,NONE,NONE,0.3333333333333333,0.016666666666666666,0.648937583001328,0.013622419799303212,1.0,2.0,249.0,59.0
BOOKKEEPER,2,56.44257703081232,RANDOM_FOREST,BEST_FIRST_BACKWARD,OVERSAMPLING,SENSITIVE_LEARNING,0.3582089552238806,0.4,0.6143426294820717,0.21896557205073575,24.0,43.0,208.0,36.0
BOOKKEEPER,2,56.44257703081232,RANDOM_FOREST,BEST_FIRST_BACKWARD,OVERSAMPLING,NONE,0.3076923076923077,0.06666666666666667,0.6497011952191235,0.04389159532705844,4.0,9.0,242.0,56.0
BOOKKEEPER,2,56.44257703081232,RANDOM_FOREST,BEST_FIRST_BACKWARD,SMOTE,SENSITIVE_LEARNING,0.3333333333333333,0.48333333333333334,0.626128818061089,0.21538112651302538,29.0,58.0,193.0,31.0
BOOKKEEPER,2,56.44257703081232,RANDOM_FOREST,BEST_FIRST_BACKWARD,SMOTE,NONE,0.23529411764705882,0.06666666666666667,0.6385126162018593,0.020450084447893507,4.0,13.0,238.0,56.0
BOOKKEEPER,2,56.44257703081232,RANDOM_FOREST,BEST_FIRST_BACKWARD,UNDERSAMPLING,SENSITIVE_LEARNING,0.3063063063063063,0.5666666666666667,0.6299468791500664,0.19638242894056832,34.0,77.0,174.0,26.0
BOOKKEEPER,2,56.44257703081232,RANDOM_FOREST,BEST_FIRST_BACKWARD,UNDERSAMPLING,NONE,0.3684210526315789,0.4666666666666667,0.6372509960159363,0.2500602845430433,28.0,48.0,203.0,32.0
BOOKKEEPER,2,56.44257703081232,RANDOM_FOREST,NONE,NONE,SENSITIVE_LEARNING,0.4153846153846154,0.45,0.6493027888446216,0.28942880128720816,27.0,38.0,213.0,33.0
BOOKKEEPER,2,56.44257703081232,RANDOM_FOREST,NONE,NONE,NONE,0.4,0.03333333333333333,0.6522908366533865,0.03283201631404516,2.0,3.0,248.0,58.0
BOOKKEEPER,2,56.44257703081232,RANDOM_FOREST,NONE,OVERSAMPLING,SENSITIVE_LEARNING,0.31645569620253167,0.4166666666666667,0.6007636122177955,0.17985718095350964,25.0,54.0,197.0,35.0
BOOKKEEPER,2,56.44257703081232,RANDOM_FOREST,NONE,OVERSAMPLING,NONE,0.3076923076923077,0.06666666666666667,0.6471115537848605,0.04389159532705844,4.0,9.0,242.0,56.0
BOOKKEEPER,2,56.44257703081232,RANDOM_FOREST,NONE,SMOTE,SENSITIVE_LEARNING,0.3411764705882353,0.48333333333333334,0.6301128818061089,0.22461670726465116,29.0,56.0,195.0,31.0
BOOKKEEPER,2,56.44257703081232,RANDOM_FOREST,NONE,SMOTE,NONE,0.25,0.08333333333333333,0.6421314741035856,0.03158362989323852,5.0,15.0,236.0,55.0
BOOKKEEPER,2,56.44257703081232,RANDOM_FOREST,NONE,UNDERSAMPLING,SENSITIVE_LEARNING,0.3,0.6,0.6326693227091633,0.19220779220779236,36.0,84.0,167.0,24.0
BOOKKEEPER,2,56.44257703081232,RANDOM_FOREST,NONE,UNDERSAMPLING,NONE,0.3246753246753247,0.4166666666666667,0.6564409030544489,0.18910899991009092,25.0,52.0,199.0,35.0
BOOKKEEPER,3,66.66666666666667,RANDOM_FOREST,BEST_FIRST_FORWARD,NONE,SENSITIVE_LEARNING,0.22085889570552147,0.7659574468085106,0.678140013726836,0.17405445278969958,36.0,127.0,183.0,11.0
BOOKKEEPER,3,66.66666666666667,RANDOM_FOREST,BEST_FIRST_FORWARD,NONE,NONE,0.15384615384615385,0.1276595744680851,0.6925188743994509,0.02285841100754536,6.0,33.0,277.0,41.0
BOOKKEEPER,3,66.66666666666667,RANDOM_FOREST,BEST_FIRST_FORWARD,OVERSAMPLING,SENSITIVE_LEARNING,0.22093023255813954,0.8085106382978723,0.6881262868908716,0.17679593646698383,38.0,134.0,176.0,9.0
BOOKKEEPER,3,66.66666666666667,RANDOM_FOREST,BEST_FIRST_FORWARD,OVERSAMPLING,NONE,0.2111111111111111,0.40425531914893614,0.69955387783116,0.12623303419120382,19.0,71.0,239.0,28.0
BOOKKEEPER,3,66.66666666666667,RANDOM_FOREST,BEST_FIRST_FORWARD,SMOTE,SENSITIVE_LEARNING,0.18787878787878787,0.6595744680851063,0.6136582017844887,0.11008076577924028,31.0,134.0,176.0,16.0
BOOKKEEPER,3,66.66666666666667,RANDOM_FOREST,BEST_FIRST_FORWARD,SMOTE,NONE,0.11475409836065574,0.14893617021276595,0.6498284145504462,-0.022423983913228755,7.0,54.0,256.0,40.0
BOOKKEEPER,3,66.66666666666667,RANDOM_FOREST,BEST_FIRST_FORWARD,UNDERSAMPLING,SENSITIVE_LEARNING,0.19130434782608696,0.9361702127659575,0.6680851063829787,0.1267778798742057,44.0,186.0,124.0,3.0
BOOKKEEPER,3,66.66666666666667,RANDOM_FOREST,BEST_FIRST_FORWARD,UNDERSAMPLING,NONE,0.2251655629139073,0.723404255319149,0.709162663006177,0.17846774764568418,34.0,117.0,193.0,13.0
BOOKKEEPER,3,66.66666666666667,RANDOM_FOREST,BEST_FIRST_BACKWARD,NONE,SENSITIVE_LEARNING,0.2229299363057325,0.7446808510638298,0.6755662319835278,0.17620113655932498,35.0,122.0,188.0,12.0
BOOKKEEPER,3,66.66666666666667,RANDOM_FOREST,BEST_FIRST_BACKWARD,NONE,NONE,0.13333333333333333,0.0851063829787234,0.7003774879890186,0.001459321415542076,4.0,26.0,284.0,43.0
BOOKKEEPER,3,66.66666666666667,RANDOM_FOREST,BEST_FIRST_BACKWARD,OVERSAMPLING,SENSITIVE_LEARNING,0.22093023255813954,0.8085106382978723,0.6881262868908716,0.17679593646698383,38.0,134.0,176.0,9.0
BOOKKEEPER,3,66.66666666666667,RANDOM_FOREST,BEST_FIRST_BACKWARD,OVERSAMPLING,NONE,0.2111111111111111,0.40425531914893614,0.69955387783116,0.12623303419120382,19.0,71.0,239.0,28.0
BOOKKEEPER,3,66.66666666666667,RANDOM_FOREST,BEST_FIRST_BACKWARD,SMOTE,SENSITIVE_LEARNING,0.18787878787878787,0.6595744680851063,0.6136582017844887,0.11008076577924028,31.0,134.0,176.0,16.0
BOOKKEEPER,3,66.66666666666667,RANDOM_FOREST,BEST_FIRST_BACKWARD,SMOTE,NONE,0.11475409836065574,0.14893617021276595,0.6498284145504462,-0.022423983913228755,7.0,54.0,256.0,40.0
BOOKKEEPER,3,66.66666666666667,RANDOM_FOREST,BEST_FIRST_BACKWARD,UNDERSAMPLING,SENSITIVE_LEARNING,0.18487394957983194,0.9361702127659575,0.6551818805765272,0.11394302848575716,44.0,194.0,116.0,3.0
BOOKKEEPER,3,66.66666666666667,RANDOM_FOREST,BEST_FIRST_BACKWARD,UNDERSAMPLING,NONE,0.2158273381294964,0.6382978723404256,0.694200411805079,0.15662966851657417,30.0,109.0,201.0,17.0
BOOKKEEPER,3,66.66666666666667,RANDOM_FOREST,NONE,NONE,SENSITIVE_LEARNING,0.19148936170212766,0.574468085106383,0.603363074811256,0.11184137239612338,27.0,114.0,196.0,20.0
BOOKKEEPER,3,66.66666666666667,RANDOM_FOREST,NONE,NONE,NONE,0.19444444444444445,0.14893617021276595,0.6742621825669183,0.06149274202766033,7.0,29.0,281.0,40.0
BOOKKEEPER,3,66.66666666666667,RANDOM_FOREST,NONE,OVERSAMPLING,SENSITIVE_LEARNING,0.22839506172839505,0.7872340425531915,0.6920041180507893,0.18843142207628183,37.0,125.0,185.0,10.0
BOOKKEEPER,3,66.66666666666667,RANDOM_FOREST,NONE,OVERSAMPLING,NONE,0.1518987341772152,0.2553191489361702,0.6523335621139328,0.03040792416657779,12.0,67.0,243.0,35.0
BOOKKEEPER,3,66.66666666666667,RANDOM_FOREST,NONE,SMOTE,SENSITIVE_LEARNING,0.1830065359477124,0.5957446808510638,0.5962594371997255,0.09838998211091228,28.0,125.0,185.0,19.0
BOOKKEEPER,3,66.66666666666667,RANDOM_FOREST,NONE,SMOTE,NONE,0.125,0.14893617021276595,0.6308510638297873,-0.008442568318151732,7.0,49.0,261.0,40.0
BOOKKEEPER,3,66.66666666666667,RANDOM_FOREST,NONE,UNDERSAMPLING,SENSITIVE_LEARNING,0.18106995884773663,0.9361702127659575,0.6471173644474949,0.10626115407495539,44.0,199.0,111.0,3.0
BOOKKEEPER,3,66.66666666666667,RANDOM_FOREST,NONE,UNDERSAMPLING,NONE,0.18705035971223022,0.5531914893617021,0.6433081674673987,0.10308234588270578,26.0,113.0,197.0,21.0
BOOKKEEPER,4,73.96408839779005,RANDOM_FOREST,BEST_FIRST_FORWARD,NONE,SENSITIVE_LEARNING,0.23893805309734514,0.675,0.7099035608308605,0.2326843609300796,27.0,86.0,251.0,13.0
BOOKKEEPER,4,73.96408839779005,RANDOM_FOREST,BEST_FIRST_FORWARD,NONE,NONE,0.4827586206896552,0.35,0.7912462908011869,0.34761321909424725,14.0,15.0,322.0,26.0
BOOKKEEPER,4,73.96408839779005,RANDOM_FOREST,BEST_FIRST_FORWARD,OVERSAMPLING,SENSITIVE_LEARNING,0.2153846153846154,0.7,0.6986646884272997,0.1995157384987893,28.0,102.0,235.0,12.0
BOOKKEEPER,4,73.96408839779005,RANDOM_FOREST,BEST_FIRST_FORWARD,OVERSAMPLING,NONE,0.25,0.525,0.7439910979228487,0.2276906165684018,21.0,63.0,274.0,19.0
BOOKKEEPER,4,73.96408839779005,RANDOM_FOREST,BEST_FIRST_FORWARD,SMOTE,SENSITIVE_LEARNING,0.22137404580152673,0.725,0.7111646884272997,0.21090262470594787,29.0,102.0,235.0,11.0
BOOKKEEPER,4,73.96408839779005,RANDOM_FOREST,BEST_FIRST_FORWARD,SMOTE,NONE,0.42857142857142855,0.45,0.776186943620178,0.37061769616026713,18.0,24.0,313.0,22.0
BOOKKEEPER,4,73.96408839779005,RANDOM_FOREST,BEST_FIRST_FORWARD,UNDERSAMPLING,SENSITIVE_LEARNING,0.16666666666666666,0.8,0.6626112759643917,0.12160213025629651,32.0,160.0,177.0,8.0
BOOKKEEPER,4,73.96408839779005,RANDOM_FOREST,BEST_FIRST_FORWARD,UNDERSAMPLING,NONE,0.26373626373626374,0.6,0.7541172106824926,0.2568694041370795,24.0,67.0,270.0,16.0
BOOKKEEPER,4,73.96408839779005,RANDOM_FOREST,BEST_FIRST_BACKWARD,NONE,SENSITIVE_LEARNING,0.23893805309734514,0.675,0.7099035608308605,0.2326843609300796,27.0,86.0,251.0,13.0
BOOKKEEPER,4,73.96408839779005,RANDOM_FOREST,BEST_FIRST_BACKWARD,NONE,NONE,0.4827586206896552,0.35,0.7912462908011869,0.34761321909424725,14.0,15.0,322.0,26.0
BOOKKEEPER,4,73.96408839779005,RANDOM_FOREST,BEST_FIRST_BACKWARD,OVERSAMPLING,SENSITIVE_LEARNING,0.20454545454545456,0.675,0.6817136498516321,0.18049517353179567,27.0,105.0,232.0,13.0
BOOKKEEPER,4,73.96408839779005,RANDOM_FOREST,BEST_FIRST_BACKWARD,OVERSAMPLING,NONE,0.2345679012345679,0.475,0.7350519287833828,0.20047525359634102,19.0,62.0,275.0,21.0
BOOKKEEPER,4,73.96408839779005,RANDOM_FOREST,BEST_FIRST_BACKWARD,SMOTE,SENSITIVE_LEARNING,0.22137404580152673,0.725,0.7111646884272997,0.21090262470594787,29.0,102.0,235.0,11.0
BOOKKEEPER,4,73.96408839779005,RANDOM_FOREST,BEST_FIRST_BACKWARD,SMOTE,NONE,0.42857142857142855,0.45,0.776186943620178,0.37061769616026713,18.0,24.0,313.0,22.0
BOOKKEEPER,4,73.96408839779005,RANDOM_FOREST,BEST_FIRST_BACKWARD,UNDERSAMPLING,SENSITIVE_LEARNING,0.16666666666666666,0.8,0.6626112759643917,0.12160213025629651,32.0,160.0,177.0,8.0
BOOKKEEPER,4,73.96408839779005,RANDOM_FOREST,BEST_FIRST_BACKWARD,UNDERSAMPLING,NONE,0.26373626373626374,0.6,0.7541172106824926,0.2568694041370795,24.0,67.0,270.0,16.0
BOOKKEEPER,4,73.96408839779005,RANDOM_FOREST,NONE,NONE,SENSITIVE_LEARNING,0.23478260869565218,0.675,0.7069362017804154,0.22662739920788078,27.0,88.0,249.0,13.0
BOOKKEEPER,4,73.96408839779005,RANDOM_FOREST,NONE,NONE,NONE,0.4838709677419355,0.375,0.7947700296735905,0.36356898752419015,15.0,16.0,321.0,25.0
BOOKKEEPER,4,73.96408839779005,RANDOM_FOREST,NONE,OVERSAMPLING,SENSITIVE_LEARNING,0.2222222222222222,0.75,0.719213649851632,0.2142274580879023,30.0,105.0,232.0,10.0
BOOKKEEPER,4,73.96408839779005,RANDOM_FOREST,NONE,OVERSAMPLING,NONE,0.2625,0.525,0.7439910979228487,0.2428939237899073,21.0,59.0,278.0,19.0
BOOKKEEPER,4,73.96408839779005,RANDOM_FOREST,NONE,SMOTE,SENSITIVE_LEARNING,0.2366412213740458,0.775,0.7391320474777449,0.2388352751588346,31.0,100.0,237.0,9.0
BOOKKEEPER,4,73.96408839779005,RANDOM_FOREST,NONE,SMOTE,NONE,0.425531914893617,0.5,0.7927670623145401,0.389820586108337,20.0,27.0,310.0,20.0
BOOKKEEPER,4,73.96408839779005,RANDOM_FOREST,NONE,UNDERSAMPLING,SENSITIVE_LEARNING,0.1736842105263158,0.825,0.6795623145400593,0.13539365123758917,33.0,157.0,180.0,7.0
BOOKKEEPER,4,73.96408839779005,RANDOM_FOREST,NONE,UNDERSAMPLING,NONE,0.25,0.575,0.767433234421365,0.23540232053579832,23.0,69.0,268.0,17.0
BOOKKEEPER,5,77.89133942980096,RANDOM_FOREST,BEST_FIRST_FORWARD,NONE,SENSITIVE_LEARNING,0.2882882882882883,0.6153846153846154,0.6976644525391044,0.26619055348157755,32.0,79.0,280.0,20.0
BOOKKEEPER,5,77.89133942980096,RANDOM_FOREST,BEST_FIRST_FORWARD,NONE,NONE,0.7391304347826086,0.3269230769230769,0.7952378401542747,0.40734357964337226,17.0,6.0,353.0,35.0
BOOKKEEPER,5,77.89133942980096,RANDOM_FOREST,BEST_FIRST_FORWARD,OVERSAMPLING,SENSITIVE_LEARNING,0.2536231884057971,0.6730769230769231,0.693084422541247,0.22620728607737928,35.0,103.0,256.0,17.0
BOOKKEEPER,5,77.89133942980096,RANDOM_FOREST,BEST_FIRST_FORWARD,OVERSAMPLING,NONE,0.3076923076923077,0.38461538461538464,0.7473484036854511,0.2342294383816875,20.0,45.0,314.0,32.0
BOOKKEEPER,5,77.89133942980096,RANDOM_FOREST,BEST_FIRST_FORWARD,SMOTE,SENSITIVE_LEARNING,0.288,0.6923076923076923,0.7221984143989715,0.2777043198821698,36.0,89.0,270.0,16.0
BOOKKEEPER,5,77.89133942980096,RANDOM_FOREST,BEST_FIRST_FORWARD,SMOTE,NONE,0.6333333333333333,0.36538461538461536,0.7806406685236769,0.4086717677064942,19.0,11.0,348.0,33.0
BOOKKEEPER,5,77.89133942980096,RANDOM_FOREST,BEST_FIRST_FORWARD,UNDERSAMPLING,SENSITIVE_LEARNING,0.20353982300884957,0.8846153846153846,0.6916113134776087,0.15765696277850014,46.0,180.0,179.0,6.0
BOOKKEEPER,5,77.89133942980096,RANDOM_FOREST,BEST_FIRST_FORWARD,UNDERSAMPLING,NONE,0.3333333333333333,0.6730769230769231,0.7892918362974073,0.33297890200906616,35.0,70.0,289.0,17.0
BOOKKEEPER,5,77.89133942980096,RANDOM_FOREST,BEST_FIRST_BACKWARD,NONE,SENSITIVE_LEARNING,0.2882882882882883,0.6153846153846154,0.6976644525391044,0.26619055348157755,32.0,79.0,280.0,20.0
BOOKKEEPER,5,77.89133942980096,RANDOM_FOREST,BEST_FIRST_BACKWARD,NONE,NONE,0.7391304347826086,0.3269230769230769,0.7952378401542747,0.40734357964337226,17.0,6.0,353.0,35.0
BOOKKEEPER,5,77.89133942980096,RANDOM_FOREST,BEST_FIRST_BACKWARD,OVERSAMPLING,SENSITIVE_LEARNING,0.25,0.6730769230769231,0.6902989072209128,0.22081675783192448,35.0,105.0,254.0,17.0
BOOKKEEPER,5,77.89133942980096,RANDOM_FOREST,BEST_FIRST_BACKWARD,OVERSAMPLING,NONE,0.34328358208955223,0.4423076923076923,0.7626955217484466,0.28463794377816454,23.0,44.0,315.0,29.0
BOOKKEEPER,5,77.89133942980096,RANDOM_FOREST,BEST_FIRST_BACKWARD,SMOTE,SENSITIVE_LEARNING,0.288,0.6923076923076923,0.7221984143989715,0.2777043198821698,36.0,89.0,270.0,16.0
BOOKKEEPER,5,77.89133942980096,RANDOM_FOREST,BEST_FIRST_BACKWARD,SMOTE,NONE,0.6333333333333333,0.36538461538461536,0.7806406685236769,0.4086717677064942,19.0,11.0,348.0,33.0
BOOKKEEPER,5,77.89133942980096,RANDOM_FOREST,BEST_FIRST_BACKWARD,UNDERSAMPLING,SENSITIVE_LEARNING,0.2026431718061674,0.8846153846153846,0.6902185558174416,0.1559833518191103,46.0,181.0,178.0,6.0
BOOKKEEPER,5,77.89133942980096,RANDOM_FOREST,BEST_FIRST_BACKWARD,UNDERSAMPLING,NONE,0.33980582524271846,0.6730769230769231,0.7931754874651811,0.3407619874323025,35.0,68.0,291.0,17.0
BOOKKEEPER,5,77.89133942980096,RANDOM_FOREST,NONE,NONE,SENSITIVE_LEARNING,0.3076923076923077,0.6153846153846154,0.7074137561602742,0.29058161350844286,32.0,72.0,287.0,20.0
BOOKKEEPER,5,77.89133942980096,RANDOM_FOREST,NONE,NONE,NONE,0.6,0.23076923076923078,0.7731679880008571,0.2829310846176218,12.0,8.0,351.0,40.0
BOOKKEEPER,5,77.89133942980096,RANDOM_FOREST,NONE,OVERSAMPLING,SENSITIVE_LEARNING,0.25925925925925924,0.6730769230769231,0.6972626955217485,0.23449066335546115,35.0,100.0,259.0,17.0
BOOKKEEPER,5,77.89133942980096,RANDOM_FOREST,NONE,OVERSAMPLING,NONE,0.3114754098360656,0.36538461538461536,0.7242875508892223,0.231277587969775,19.0,42.0,317.0,33.0
BOOKKEEPER,5,77.89133942980096,RANDOM_FOREST,NONE,SMOTE,SENSITIVE_LEARNING,0.2857142857142857,0.6923076923076923,0.7208056567388044,0.27455290238785085,36.0,90.0,269.0,16.0
BOOKKEEPER,5,77.89133942980096,RANDOM_FOREST,NONE,SMOTE,NONE,0.5925925925925926,0.3076923076923077,0.7985054638954361,0.3487407707090122,16.0,11.0,348.0,36.0
BOOKKEEPER,5,77.89133942980096,RANDOM_FOREST,NONE,UNDERSAMPLING,SENSITIVE_LEARNING,0.20361990950226244,0.8653846153846154,0.6875669595028927,0.15698449881751647,45.0,176.0,183.0,7.0
BOOKKEEPER,5,77.89133942980096,RANDOM_FOREST,NONE,UNDERSAMPLING,NONE,0.3333333333333333,0.6730769230769231,0.7792211270623527,0.33297890200906616,35.0,70.0,289.0,17.0
BOOKKEEPER,6,81.3566739606127,RANDOM_FOREST,BEST_FIRST_FORWARD,NONE,SENSITIVE_LEARNING,0.22641509433962265,0.6,0.6937823834196891,0.22280139995532053,24.0,82.0,304.0,16.0
BOOKKEEPER,6,81.3566739606127,RANDOM_FOREST,BEST_FIRST_FORWARD,NONE,NONE,0.48,0.3,0.7441386010362694,0.3201245620864154,12.0,13.0,373.0,28.0
BOOKKEEPER,6,81.3566739606127,RANDOM_FOREST,BEST_FIRST_FORWARD,OVERSAMPLING,SENSITIVE_LEARNING,0.2222222222222222,0.75,0.7389896373056994,0.23152941176470582,30.0,105.0,281.0,10.0
BOOKKEEPER,6,81.3566739606127,RANDOM_FOREST,BEST_FIRST_FORWARD,OVERSAMPLING,NONE,0.35714285714285715,0.625,0.7792098445595855,0.38051381483276764,25.0,45.0,341.0,15.0
BOOKKEEPER,6,81.3566739606127,RANDOM_FOREST,BEST_FIRST_FORWARD,SMOTE,SENSITIVE_LEARNING,0.2222222222222222,0.6,0.6911917098445596,0.2170269078076756,24.0,84.0,302.0,16.0
BOOKKEEPER,6,81.3566739606127,RANDOM_FOREST,BEST_FIRST_FORWARD,SMOTE,NONE,0.3695652173913043,0.425,0.759229274611399,0.3278310474572157,17.0,29.0,357.0,23.0
BOOKKEEPER,6,81.3566739606127,RANDOM_FOREST,BEST_FIRST_FORWARD,UNDERSAMPLING,SENSITIVE_LEARNING,0.15454545454545454,0.85,0.6840673575129533,0.12202662086732514,34.0,186.0,200.0,6.0
BOOKKEEPER,6,81.3566739606127,RANDOM_FOREST,BEST_FIRST_FORWARD,UNDERSAMPLING,NONE,0.23469387755102042,0.575,0.7931023316062176,0.23074507340818096,23.0,75.0,311.0,17.0
BOOKKEEPER,6,81.3566739606127,RANDOM_FOREST,BEST_FIRST_BACKWARD,NONE,SENSITIVE_LEARNING,0.22641509433962265,0.6,0.6937823834196891,0.22280139995532053,24.0,82.0,304.0,16.0
BOOKKEEPER,6,81.3566739606127,RANDOM_FOREST,BEST_FIRST_BACKWARD,NONE,NONE,0.4642857142857143,0.325,0.7542746113989637,0.3305896438192157,13.0,15.0,371.0,27.0
BOOKKEEPER,6,81.3566739606127,RANDOM_FOREST,BEST_FIRST_BACKWARD,OVERSAMPLING,SENSITIVE_LEARNING,0.2222222222222222,0.75,0.7389896373056994,0.23152941176470582,30.0,105.0,281.0,10.0
BOOKKEEPER,6,81.3566739606127,RANDOM_FOREST,BEST_FIRST_BACKWARD,OVERSAMPLING,NONE,0.35714285714285715,0.625,0.7792098445595855,0.38051381483276764,25.0,45.0,341.0,15.0
BOOKKEEPER,6,81.3566739606127,RANDOM_FOREST,BEST_FIRST_BACKWARD,SMOTE,SENSITIVE_LEARNING,0.2222222222222222,0.6,0.6911917098445596,0.2170269078076756,24.0,84.0,302.0,16.0
BOOKKEEPER,6,81.3566739606127,RANDOM_FOREST,BEST_FIRST_BACKWARD,SMOTE,NONE,0.3695652173913043,0.425,0.759229274611399,0.3278310474572157,17.0,29.0,357.0,23.0
BOOKKEEPER,6,81.3566739606127,RANDOM_FOREST,BEST_FIRST_BACKWARD,UNDERSAMPLING,SENSITIVE_LEARNING,0.1552511415525114,0.85,0.6853626943005181,0.12334346111577985,34.0,185.0,201.0,6.0
BOOKKEEPER,6,81.3566739606127,RANDOM_FOREST,BEST_FIRST_BACKWARD,UNDERSAMPLING,NONE,0.23958333333333334,0.575,0.7655764248704663,0.2371060171919768,23.0,73.0,313.0,17.0
BOOKKEEPER,6,81.3566739606127,RANDOM_FOREST,NONE,NONE,SENSITIVE_LEARNING,0.21904761904761905,0.575,0.6812823834196892,0.20978077571669468,23.0,82.0,304.0,17.0
BOOKKEEPER,6,81.3566739606127,RANDOM_FOREST,NONE,NONE,NONE,0.44,0.275,0.7638277202072539,0.2869599065784352,11.0,14.0,372.0,29.0
BOOKKEEPER,6,81.3566739606127,RANDOM_FOREST,NONE,OVERSAMPLING,SENSITIVE_LEARNING,0.2,0.675,0.6976036269430052,0.19143529411764704,27.0,108.0,278.0,13.0
BOOKKEEPER,6,81.3566739606127,RANDOM_FOREST,NONE,OVERSAMPLING,NONE,0.328125,0.525,0.7694300518134715,0.3259493670886077,21.0,43.0,343.0,19.0
BOOKKEEPER,6,81.3566739606127,RANDOM_FOREST,NONE,SMOTE,SENSITIVE_LEARNING,0.22641509433962265,0.6,0.6937823834196891,0.22280139995532053,24.0,82.0,304.0,16.0
BOOKKEEPER,6,81.3566739606127,RANDOM_FOREST,NONE,SMOTE,NONE,0.3888888888888889,0.35,0.7393782383419689,0.30675345809601323,14.0,22.0,364.0,26.0
BOOKKEEPER,6,81.3566739606127,RANDOM_FOREST,NONE,UNDERSAMPLING,SENSITIVE_LEARNING,0.1650943396226415,0.875,0.7082253886010362,0.14226922736525371,35.0,177.0,209.0,5.0
BOOKKEEPER,6,81.3566739606127,RANDOM_FOREST,NONE,UNDERSAMPLING,NONE,0.21875,0.525,0.769009067357513,0.20319961795606498,21.0,75.0,311.0,19.0
BOOKKEEPER,1,43.67245657568238,NAIVE_BAYES,BEST_FIRST_FORWARD,NONE,SENSITIVE_LEARNING,0.0,0.0,0.49645390070921985,-0.008785820095009377,0.0,1.0,140.0,86.0
BOOKKEEPER,1,43.67245657568238,NAIVE_BAYES,BEST_FIRST_FORWARD,NONE,NONE,NaN,0.0,0.3458271482764308,0.0,0.0,0.0,141.0,86.0
BOOKKEEPER,1,43.67245657568238,NAIVE_BAYES,BEST_FIRST_FORWARD,OVERSAMPLING,SENSITIVE_LEARNING,NaN,0.0,0.5,0.0,0.0,0.0,141.0,86.0
BOOKKEEPER,1,43.67245657568238,NAIVE_BAYES,BEST_FIRST_FORWARD,OVERSAMPLING,NONE,NaN,0.0,0.5496041563582384,0.0,0.0,0.0,141.0,86.0
BOOKKEEPER,1,43.67245657568238,NAIVE_BAYES,BEST_FIRST_FORWARD,SMOTE,SENSITIVE_LEARNING,0.0,0.0,0.49645390070921985,-0.008785820095009377,0.0,1.0,140.0,86.0
BOOKKEEPER,1,43.67245657568238,NAIVE_BAYES,BEST_FIRST_FORWARD,SMOTE,NONE,NaN,0.0,0.3458271482764308,0.0,0.0,0.0,141.0,86.0
BOOKKEEPER,1,43.67245657568238,NAIVE_BAYES,BEST_FIRST_FORWARD,UNDERSAMPLING,SENSITIVE_LEARNING,0.0,0.0,0.49645390070921985,-0.008785820095009377,0.0,1.0,140.0,86.0
BOOKKEEPER,1,43.67245657568238,NAIVE_BAYES,BEST_FIRST_FORWARD,UNDERSAMPLING,NONE,NaN,0.0,0.3458271482764308,0.0,0.0,0.0,141.0,86.0
BOOKKEEPER,1,43.67245657568238,NAIVE_BAYES,BEST_FIRST_BACKWARD,NONE,SENSITIVE_LEARNING,0.0,0.0,0.49645390070921985,-0.008785820095009377,0.0,1.0,140.0,86.0
BOOKKEEPER,1,43.67245657568238,NAIVE_BAYES,BEST_FIRST_BACKWARD,NONE,NONE,NaN,0.0,0.3458271482764308,0.0,0.0,0.0,141.0,86.0
BOOKKEEPER,1,43.67245657568238,NAIVE_BAYES,BEST_FIRST_BACKWARD,OVERSAMPLING,SENSITIVE_LEARNING,NaN,0.0,0.5,0.0,0.0,0.0,141.0,86.0
BOOKKEEPER,1,43.67245657568238,NAIVE_BAYES,BEST_FIRST_BACKWARD,OVERSAMPLING,NONE,NaN,0.0,0.5496041563582384,0.0,0.0,0.0,141.0,86.0
BOOKKEEPER,1,43.67245657568238,NAIVE_BAYES,BEST_FIRST_BACKWARD,SMOTE,SENSITIVE_LEARNING,0.0,0.0,0.49645390070921985,-0.008785820095009377,0.0,1.0,140.0,86.0
BOOKKEEPER,1,43.67245657568238,NAIVE_BAYES,BEST_FIRST_BACKWARD,SMOTE,NONE,NaN,0.0,0.3458271482764308,0.0,0.0,0.0,141.0,86.0
BOOKKEEPER,1,43.67245657568238,NAIVE_BAYES,BEST_FIRST_BACKWARD,UNDERSAMPLING,SENSITIVE_LEARNING,0.0,0.0,0.49645390070921985,-0.008785820095009377,0.0,1.0,140.0,86.0
BOOKKEEPER,1,43.67245657568238,NAIVE_BAYES,BEST_FIRST_BACKWARD,UNDERSAMPLING,NONE,NaN,0.0,0.3458271482764308,0.0,0.0,0.0,141.0,86.0
BOOKKEEPER,1,43.67245657568238,NAIVE_BAYES,NONE,NONE,SENSITIVE_LEARNING,0.06557377049180328,0.046511627906976744,0.3211281543790203,-0.37924553044542564,4.0,57.0,84.0,82.0
BOOKKEEPER,1,43.67245657568238,NAIVE_BAYES,NONE,NONE,NONE,0.06557377049180328,0.046511627906976744,0.19231403595579746,-0.37924553044542564,4.0,57.0,84.0,82.0
BOOKKEEPER,1,43.67245657568238,NAIVE_BAYES,NONE,OVERSAMPLING,SENSITIVE_LEARNING,NaN,0.0,0.5,0.0,0.0,0.0,141.0,86.0
BOOKKEEPER,1,43.67245657568238,NAIVE_BAYES,NONE,OVERSAMPLING,NONE,NaN,0.0,0.27449282533399305,0.0,0.0,0.0,141.0,86.0
BOOKKEEPER,1,43.67245657568238,NAIVE_BAYES,NONE,SMOTE,SENSITIVE_LEARNING,0.06557377049180328,0.046511627906976744,0.3211281543790203,-0.37924553044542564,4.0,57.0,84.0,82.0
BOOKKEEPER,1,43.67245657568238,NAIVE_BAYES,NONE,SMOTE,NONE,0.06557377049180328,0.046511627906976744,0.19231403595579746,-0.37924553044542564,4.0,57.0,84.0,82.0
BOOKKEEPER,1,43.67245657568238,NAIVE_BAYES,NONE,UNDERSAMPLING,SENSITIVE_LEARNING,0.06557377049180328,0.046511627906976744,0.3211281543790203,-0.37924553044542564,4.0,57.0,84.0,82.0
BOOKKEEPER,1,43.67245657568238,NAIVE_BAYES,NONE,UNDERSAMPLING,NONE,0.06557377049180328,0.046511627906976744,0.19194293254164604,-0.37924553044542564,4.0,57.0,84.0,82.0
BOOKKEEPER,2,56.44257703081232,NAIVE_BAYES,BEST_FIRST_FORWARD,NONE,SENSITIVE_LEARNING,0.1864406779661017,0.18333333333333332,0.49604913678618856,-0.007952153429783934,11.0,48.0,203.0,49.0
BOOKKEEPER,2,56.44257703081232,NAIVE_BAYES,BEST_FIRST_FORWARD,NONE,NONE,0.3157894736842105,0.1,0.36225099601593624,0.06514424155413005,6.0,13.0,238.0,54.0
BOOKKEEPER,2,56.44257703081232,NAIVE_BAYES,BEST_FIRST_FORWARD,OVERSAMPLING,SENSITIVE_LEARNING,0.1643835616438356,0.2,0.4784860557768924,-0.03975094316473969,12.0,61.0,190.0,48.0
BOOKKEEPER,2,56.44257703081232,NAIVE_BAYES,BEST_FIRST_FORWARD,OVERSAMPLING,NONE,0.2916666666666667,0.11666666666666667,0.3385458167330677,0.06341421442092611,7.0,17.0,234.0,53.0
BOOKKEEPER,2,56.44257703081232,NAIVE_BAYES,BEST_FIRST_FORWARD,SMOTE,SENSITIVE_LEARNING,0.15254237288135594,0.3,0.45079681274900396,-0.07194524006019719,18.0,100.0,151.0,42.0
BOOKKEEPER,2,56.44257703081232,NAIVE_BAYES,BEST_FIRST_FORWARD,SMOTE,NONE,0.2857142857142857,0.16666666666666666,0.37702523240371844,0.0797001380942985,10.0,25.0,226.0,50.0
BOOKKEEPER,2,56.44257703081232,NAIVE_BAYES,BEST_FIRST_FORWARD,UNDERSAMPLING,SENSITIVE_LEARNING,0.38571428571428573,0.45,0.6393426294820718,0.26206681236340934,27.0,43.0,208.0,33.0
BOOKKEEPER,2,56.44257703081232,NAIVE_BAYES,BEST_FIRST_FORWARD,UNDERSAMPLING,NONE,0.48148148148148145,0.43333333333333335,0.7297476759628154,0.33450679919928217,26.0,28.0,223.0,34.0
BOOKKEEPER,2,56.44257703081232,NAIVE_BAYES,BEST_FIRST_BACKWARD,NONE,SENSITIVE_LEARNING,0.1864406779661017,0.18333333333333332,0.49604913678618856,-0.007952153429783934,11.0,48.0,203.0,49.0
BOOKKEEPER,2,56.44257703081232,NAIVE_BAYES,BEST_FIRST_BACKWARD,NONE,NONE,0.3157894736842105,0.1,0.36225099601593624,0.06514424155413005,6.0,13.0,238.0,54.0
BOOKKEEPER,2,56.44257703081232,NAIVE_BAYES,BEST_FIRST_BACKWARD,OVERSAMPLING,SENSITIVE_LEARNING,0.1643835616438356,0.2,0.4784860557768924,-0.03975094316473969,12.0,61.0,190.0,48.0
BOOKKEEPER,2,56.44257703081232,NAIVE_BAYES,BEST_FIRST_BACKWARD,OVERSAMPLING,NONE,0.2916666666666667,0.11666666666666667,0.3385458167330677,0.06341421442092611,7.0,17.0,234.0,53.0
BOOKKEEPER,2,56.44257703081232,NAIVE_BAYES,BEST_FIRST_BACKWARD,SMOTE,SENSITIVE_LEARNING,0.15254237288135594,0.3,0.45079681274900396,-0.07194524006019719,18.0,100.0,151.0,42.0
BOOKKEEPER,2,56.44257703081232,NAIVE_BAYES,BEST_FIRST_BACKWARD,SMOTE,NONE,0.2857142857142857,0.16666666666666666,0.37702523240371844,0.0797001380942985,10.0,25.0,226.0,50.0
BOOKKEEPER,2,56.44257703081232,NAIVE_BAYES,BEST_FIRST_BACKWARD,UNDERSAMPLING,SENSITIVE_LEARNING,0.38571428571428573,0.45,0.6393426294820718,0.26206681236340934,27.0,43.0,208.0,33.0
BOOKKEEPER,2,56.44257703081232,NAIVE_BAYES,BEST_FIRST_BACKWARD,UNDERSAMPLING,NONE,0.48148148148148145,0.43333333333333335,0.7297476759628154,0.33450679919928217,26.0,28.0,223.0,34.0
BOOKKEEPER,2,56.44257703081232,NAIVE_BAYES,NONE,NONE,SENSITIVE_LEARNING,0.13008130081300814,0.5333333333333333,0.3403718459495352,-0.146482649361728,32.0,214.0,37.0,28.0
BOOKKEEPER,2,56.44257703081232,NAIVE_BAYES,NONE,NONE,NONE,0.12,0.45,0.36274900398406373,-0.16558773424190804,27.0,198.0,53.0,33.0
BOOKKEEPER,2,56.44257703081232,NAIVE_BAYES,NONE,OVERSAMPLING,SENSITIVE_LEARNING,0.1206896551724138,0.4666666666666667,0.32695883134130144,-0.16553388807724065,28.0,204.0,47.0,32.0
BOOKKEEPER,2,56.44257703081232,NAIVE_BAYES,NONE,OVERSAMPLING,NONE,0.136,0.2833333333333333,0.3441899070385126,-0.10405548371929017,17.0,108.0,143.0,43.0
BOOKKEEPER,2,56.44257703081232,NAIVE_BAYES,NONE,SMOTE,SENSITIVE_LEARNING,0.1449814126394052,0.65,0.36683266932270914,-0.11453618698153886,39.0,230.0,21.0,21.0
BOOKKEEPER,2,56.44257703081232,NAIVE_BAYES,NONE,SMOTE,NONE,0.12653061224489795,0.5166666666666667,0.38701859229747676,-0.15457948208692995,31.0,214.0,37.0,29.0
BOOKKEEPER,2,56.44257703081232,NAIVE_BAYES,NONE,UNDERSAMPLING,SENSITIVE_LEARNING,0.42857142857142855,0.25,0.5851593625498008,0.20240678634839207,15.0,20.0,231.0,45.0
BOOKKEEPER,2,56.44257703081232,NAIVE_BAYES,NONE,UNDERSAMPLING,NONE,0.42424242424242425,0.23333333333333334,0.5198207171314742,0.19020149821736165,14.0,19.0,232.0,46.0
BOOKKEEPER,3,66.66666666666667,NAIVE_BAYES,BEST_FIRST_FORWARD,NONE,SENSITIVE_LEARNING,0.0,0.0,0.4774193548387097,-0.06431748203900071,0.0,14.0,296.0,47.0
BOOKKEEPER,3,66.66666666666667,NAIVE_BAYES,BEST_FIRST_FORWARD,NONE,NONE,0.0,0.0,0.772031571722718,-0.06050103970690149,0.0,13.0,297.0,47.0
BOOKKEEPER,3,66.66666666666667,NAIVE_BAYES,BEST_FIRST_FORWARD,OVERSAMPLING,SENSITIVE_LEARNING,0.12320916905444126,0.9148936170212766,0.4638984214138641,-0.019379916364239257,43.0,306.0,4.0,4.0
BOOKKEEPER,3,66.66666666666667,NAIVE_BAYES,BEST_FIRST_FORWARD,OVERSAMPLING,NONE,0.09090909090909091,0.02127659574468085,0.6372683596431022,-0.016266775111834265,1.0,10.0,300.0,46.0
BOOKKEEPER,3,66.66666666666667,NAIVE_BAYES,BEST_FIRST_FORWARD,SMOTE,SENSITIVE_LEARNING,0.2222222222222222,0.5531914893617021,0.629821551132464,0.15911671924290216,26.0,91.0,219.0,21.0
BOOKKEEPER,3,66.66666666666667,NAIVE_BAYES,BEST_FIRST_FORWARD,SMOTE,NONE,1.0,0.0425531914893617,0.7964996568291008,0.07165559086969084,2.0,0.0,310.0,45.0
BOOKKEEPER,3,66.66666666666667,NAIVE_BAYES,BEST_FIRST_FORWARD,UNDERSAMPLING,SENSITIVE_LEARNING,0.2926829268292683,0.2553191489361702,0.580885380919698,0.17103258108990638,12.0,29.0,281.0,35.0
BOOKKEEPER,3,66.66666666666667,NAIVE_BAYES,BEST_FIRST_FORWARD,UNDERSAMPLING,NONE,0.3333333333333333,0.2127659574468085,0.7269045984900481,0.175118569865013,10.0,20.0,290.0,37.0
BOOKKEEPER,3,66.66666666666667,NAIVE_BAYES,BEST_FIRST_BACKWARD,NONE,SENSITIVE_LEARNING,0.06666666666666667,0.02127659574468085,0.4880576527110501,-0.033584250144759395,1.0,14.0,296.0,46.0
BOOKKEEPER,3,66.66666666666667,NAIVE_BAYES,BEST_FIRST_BACKWARD,NONE,NONE,0.07692307692307693,0.02127659574468085,0.788229238160604,-0.025151005050004886,1.0,12.0,298.0,46.0
BOOKKEEPER,3,66.66666666666667,NAIVE_BAYES,BEST_FIRST_BACKWARD,OVERSAMPLING,SENSITIVE_LEARNING,0.12320916905444126,0.9148936170212766,0.4638984214138641,-0.019379916364239257,43.0,306.0,4.0,4.0
BOOKKEEPER,3,66.66666666666667,NAIVE_BAYES,BEST_FIRST_BACKWARD,OVERSAMPLING,NONE,0.09090909090909091,0.02127659574468085,0.6372683596431022,-0.016266775111834265,1.0,10.0,300.0,46.0
BOOKKEEPER,3,66.66666666666667,NAIVE_BAYES,BEST_FIRST_BACKWARD,SMOTE,SENSITIVE_LEARNING,0.2222222222222222,0.5531914893617021,0.629821551132464,0.15911671924290216,26.0,91.0,219.0,21.0
BOOKKEEPER,3,66.66666666666667,NAIVE_BAYES,BEST_FIRST_BACKWARD,SMOTE,NONE,1.0,0.0425531914893617,0.7964996568291008,0.07165559086969084,2.0,0.0,310.0,45.0
BOOKKEEPER,3,66.66666666666667,NAIVE_BAYES,BEST_FIRST_BACKWARD,UNDERSAMPLING,SENSITIVE_LEARNING,0.28205128205128205,0.23404255319148937,0.571859986273164,0.15490457168220143,11.0,28.0,282.0,36.0
BOOKKEEPER,3,66.66666666666667,NAIVE_BAYES,BEST_FIRST_BACKWARD,UNDERSAMPLING,NONE,0.3103448275862069,0.19148936170212766,0.7263555250514756,0.15160206506596763,9.0,20.0,290.0,38.0
BOOKKEEPER,3,66.66666666666667,NAIVE_BAYES,NONE,NONE,SENSITIVE_LEARNING,0.07142857142857142,0.02127659574468085,0.48967055593685654,-0.029421826890181135,1.0,13.0,297.0,46.0
BOOKKEEPER,3,66.66666666666667,NAIVE_BAYES,NONE,NONE,NONE,0.07692307692307693,0.02127659574468085,0.7510638297872341,-0.025151005050004886,1.0,12.0,298.0,46.0
BOOKKEEPER,3,66.66666666666667,NAIVE_BAYES,NONE,OVERSAMPLING,SENSITIVE_LEARNING,0.17647058823529413,0.06382978723404255,0.5093342484557309,0.025600000000000286,3.0,14.0,296.0,44.0
BOOKKEEPER,3,66.66666666666667,NAIVE_BAYES,NONE,OVERSAMPLING,NONE,0.06666666666666667,0.02127659574468085,0.6883665065202471,-0.033584250144759395,1.0,14.0,296.0,46.0
BOOKKEEPER,3,66.66666666666667,NAIVE_BAYES,NONE,SMOTE,SENSITIVE_LEARNING,0.07142857142857142,0.02127659574468085,0.48967055593685654,-0.029421826890181135,1.0,13.0,297.0,46.0
BOOKKEEPER,3,66.66666666666667,NAIVE_BAYES,NONE,SMOTE,NONE,0.07142857142857142,0.02127659574468085,0.7507892930679478,-0.029421826890181135,1.0,13.0,297.0,46.0
BOOKKEEPER,3,66.66666666666667,NAIVE_BAYES,NONE,UNDERSAMPLING,SENSITIVE_LEARNING,0.15,0.06382978723404255,0.5044955387783115,0.01188801669767292,3.0,17.0,293.0,44.0
BOOKKEEPER,3,66.66666666666667,NAIVE_BAYES,NONE,UNDERSAMPLING,NONE,0.15789473684210525,0.06382978723404255,0.7309883321894304,0.01634827332843548,3.0,16.0,294.0,44.0
BOOKKEEPER,4,73.96408839779005,NAIVE_BAYES,BEST_FIRST_FORWARD,NONE,SENSITIVE_LEARNING,0.5714285714285714,0.1,0.5455489614243323,0.14313188414243272,4.0,3.0,334.0,36.0
BOOKKEEPER,4,73.96408839779005,NAIVE_BAYES,BEST_FIRST_FORWARD,NONE,NONE,0.6666666666666666,0.1,0.8529302670623146,0.15039734313841718,4.0,2.0,335.0,36.0
BOOKKEEPER,4,73.96408839779005,NAIVE_BAYES,BEST_FIRST_FORWARD,OVERSAMPLING,SENSITIVE_LEARNING,0.37037037037037035,0.25,0.5997774480712166,0.23291051560673606,10.0,17.0,320.0,30.0
BOOKKEEPER,4,73.96408839779005,NAIVE_BAYES,BEST_FIRST_FORWARD,OVERSAMPLING,NONE,0.2727272727272727,0.075,0.7794881305637982,0.07532566632146911,3.0,8.0,329.0,37.0
BOOKKEEPER,4,73.96408839779005,NAIVE_BAYES,BEST_FIRST_FORWARD,SMOTE,SENSITIVE_LEARNING,0.5263157894736842,0.25,0.6116468842729971,0.29049847994981437,10.0,9.0,328.0,30.0
BOOKKEEPER,4,73.96408839779005,NAIVE_BAYES,BEST_FIRST_FORWARD,SMOTE,NONE,0.6363636363636364,0.175,0.8872032640949555,0.23971221453098604,7.0,4.0,333.0,33.0
BOOKKEEPER,4,73.96408839779005,NAIVE_BAYES,BEST_FIRST_FORWARD,UNDERSAMPLING,SENSITIVE_LEARNING,0.25,0.1,0.5321958456973294,0.08753529649052082,4.0,12.0,325.0,36.0
BOOKKEEPER,4,73.96408839779005,NAIVE_BAYES,BEST_FIRST_FORWARD,UNDERSAMPLING,NONE,0.25,0.075,0.792173590504451,0.0698347993992709,3.0,9.0,328.0,37.0
BOOKKEEPER,4,73.96408839779005,NAIVE_BAYES,BEST_FIRST_BACKWARD,NONE,SENSITIVE_LEARNING,0.5714285714285714,0.1,0.5455489614243323,0.14313188414243272,4.0,3.0,334.0,36.0
BOOKKEEPER,4,73.96408839779005,NAIVE_BAYES,BEST_FIRST_BACKWARD,NONE,NONE,0.6666666666666666,0.1,0.8529302670623146,0.15039734313841718,4.0,2.0,335.0,36.0
BOOKKEEPER,4,73.96408839779005,NAIVE_BAYES,BEST_FIRST_BACKWARD,OVERSAMPLING,SENSITIVE_LEARNING,0.42857142857142855,0.15,0.5631305637982196,0.17694147000727703,6.0,8.0,329.0,34.0
BOOKKEEPER,4,73.96408839779005,NAIVE_BAYES,BEST_FIRST_BACKWARD,OVERSAMPLING,NONE,0.5,0.1,0.7856824925816024,0.13611365719523372,4.0,4.0,333.0,36.0
BOOKKEEPER,4,73.96408839779005,NAIVE_BAYES,BEST_FIRST_BACKWARD,SMOTE,SENSITIVE_LEARNING,0.5263157894736842,0.25,0.6116468842729971,0.29049847994981437,10.0,9.0,328.0,30.0
BOOKKEEPER,4,73.96408839779005,NAIVE_BAYES,BEST_FIRST_BACKWARD,SMOTE,NONE,0.6363636363636364,0.175,0.8872032640949555,0.23971221453098604,7.0,4.0,333.0,33.0
BOOKKEEPER,4,73.96408839779005,NAIVE_BAYES,BEST_FIRST_BACKWARD,UNDERSAMPLING,SENSITIVE_LEARNING,0.25,0.1,0.5321958456973294,0.08753529649052082,4.0,12.0,325.0,36.0
BOOKKEEPER,4,73.96408839779005,NAIVE_BAYES,BEST_FIRST_BACKWARD,UNDERSAMPLING,NONE,0.25,0.075,0.792173590504451,0.0698347993992709,3.0,9.0,328.0,37.0
BOOKKEEPER,4,73.96408839779005,NAIVE_BAYES,NONE,NONE,SENSITIVE_LEARNING,0.2,0.025,0.5065652818991098,0.021370359191065478,1.0,4.0,333.0,39.0
BOOKKEEPER,4,73.96408839779005,NAIVE_BAYES,NONE,NONE,NONE,0.25,0.025,0.8802299703264095,0.026678141135972597,1.0,3.0,334.0,39.0
BOOKKEEPER,4,73.96408839779005,NAIVE_BAYES,NONE,OVERSAMPLING,SENSITIVE_LEARNING,0.25,0.05,0.5160979228486647,0.049725022914757354,2.0,6.0,331.0,38.0
BOOKKEEPER,4,73.96408839779005,NAIVE_BAYES,NONE,OVERSAMPLING,NONE,0.2857142857142857,0.05,0.7982937685459941,0.05524797482370811,2.0,5.0,332.0,38.0
BOOKKEEPER,4,73.96408839779005,NAIVE_BAYES,NONE,SMOTE,SENSITIVE_LEARNING,0.5,0.1,0.5440652818991097,0.13611365719523372,4.0,4.0,333.0,36.0
BOOKKEEPER,4,73.96408839779005,NAIVE_BAYES,NONE,SMOTE,NONE,0.2,0.025,0.8800074183976261,0.021370359191065478,1.0,4.0,333.0,39.0
BOOKKEEPER,4,73.96408839779005,NAIVE_BAYES,NONE,UNDERSAMPLING,SENSITIVE_LEARNING,0.4444444444444444,0.1,0.5425816023738872,0.12933025404157036,4.0,5.0,332.0,36.0
BOOKKEEPER,4,73.96408839779005,NAIVE_BAYES,NONE,UNDERSAMPLING,NONE,0.375,0.075,0.8011127596439169,0.09291934005499554,3.0,5.0,332.0,37.0
BOOKKEEPER,5,77.89133942980096,NAIVE_BAYES,BEST_FIRST_FORWARD,NONE,SENSITIVE_LEARNING,0.4,0.038461538461538464,0.5150524962502678,0.049067970489370054,2.0,3.0,356.0,50.0
BOOKKEEPER,5,77.89133942980096,NAIVE_BAYES,BEST_FIRST_FORWARD,NONE,NONE,0.3333333333333333,0.019230769230769232,0.7842029140775659,0.022877136320818853,1.0,2.0,357.0,51.0
BOOKKEEPER,5,77.89133942980096,NAIVE_BAYES,BEST_FIRST_FORWARD,OVERSAMPLING,SENSITIVE_LEARNING,0.4,0.038461538461538464,0.5150524962502678,0.049067970489370054,2.0,3.0,356.0,50.0
BOOKKEEPER,5,77.89133942980096,NAIVE_BAYES,BEST_FIRST_FORWARD,OVERSAMPLING,NONE,0.5,0.038461538461538464,0.7836672380544247,0.054336283185841,2.0,2.0,357.0,50.0
BOOKKEEPER,5,77.89133942980096,NAIVE_BAYES,BEST_FIRST_FORWARD,SMOTE,SENSITIVE_LEARNING,0.6666666666666666,0.23076923076923078,0.6070280694236126,0.2971224626366275,12.0,6.0,353.0,40.0
BOOKKEEPER,5,77.89133942980096,NAIVE_BAYES,BEST_FIRST_FORWARD,SMOTE,NONE,0.6153846153846154,0.15384615384615385,0.8666702378401543,0.2059693253952612,8.0,5.0,354.0,44.0
BOOKKEEPER,5,77.89133942980096,NAIVE_BAYES,BEST_FIRST_FORWARD,UNDERSAMPLING,SENSITIVE_LEARNING,0.4,0.34615384615384615,0.6354724662524105,0.2874925398584703,18.0,27.0,332.0,34.0
BOOKKEEPER,5,77.89133942980096,NAIVE_BAYES,BEST_FIRST_FORWARD,UNDERSAMPLING,NONE,0.37142857142857144,0.25,0.7049228626526677,0.2193853722327738,13.0,22.0,337.0,39.0
BOOKKEEPER,5,77.89133942980096,NAIVE_BAYES,BEST_FIRST_BACKWARD,NONE,SENSITIVE_LEARNING,0.4,0.038461538461538464,0.5150524962502678,0.049067970489370054,2.0,3.0,356.0,50.0
BOOKKEEPER,5,77.89133942980096,NAIVE_BAYES,BEST_FIRST_BACKWARD,NONE,NONE,0.3333333333333333,0.019230769230769232,0.7842029140775659,0.022877136320818853,1.0,2.0,357.0,51.0
BOOKKEEPER,5,77.89133942980096,NAIVE_BAYES,BEST_FIRST_BACKWARD,OVERSAMPLING,SENSITIVE_LEARNING,0.5,0.057692307692307696,0.5246678808656524,0.07934866890669466,3.0,3.0,356.0,49.0
BOOKKEEPER,5,77.89133942980096,NAIVE_BAYES,BEST_FIRST_BACKWARD,OVERSAMPLING,NONE,0.5,0.038461538461538464,0.7831851296335977,0.054336283185841,2.0,2.0,357.0,50.0
BOOKKEEPER,5,77.89133942980096,NAIVE_BAYES,BEST_FIRST_BACKWARD,SMOTE,SENSITIVE_LEARNING,0.6666666666666666,0.23076923076923078,0.6070280694236126,0.2971224626366275,12.0,6.0,353.0,40.0
BOOKKEEPER,5,77.89133942980096,NAIVE_BAYES,BEST_FIRST_BACKWARD,SMOTE,NONE,0.6153846153846154,0.15384615384615385,0.8666702378401543,0.2059693253952612,8.0,5.0,354.0,44.0
BOOKKEEPER,5,77.89133942980096,NAIVE_BAYES,BEST_FIRST_BACKWARD,UNDERSAMPLING,SENSITIVE_LEARNING,0.34782608695652173,0.3076923076923077,0.6120634240411399,0.23575815630810815,16.0,30.0,329.0,36.0
BOOKKEEPER,5,77.89133942980096,NAIVE_BAYES,BEST_FIRST_BACKWARD,UNDERSAMPLING,NONE,0.3125,0.19230769230769232,0.6996196700235697,0.15681497627901017,10.0,22.0,337.0,42.0
BOOKKEEPER,5,77.89133942980096,NAIVE_BAYES,NONE,NONE,SENSITIVE_LEARNING,0.4,0.038461538461538464,0.5150524962502678,0.049067970489370054,2.0,3.0,356.0,50.0
BOOKKEEPER,5,77.89133942980096,NAIVE_BAYES,NONE,NONE,NONE,0.25,0.019230769230769232,0.8586083136918792,0.017964601769911843,1.0,3.0,356.0,51.0
BOOKKEEPER,5,77.89133942980096,NAIVE_BAYES,NONE,OVERSAMPLING,SENSITIVE_LEARNING,0.4,0.038461538461538464,0.5150524962502678,0.049067970489370054,2.0,3.0,356.0,50.0
BOOKKEEPER,5,77.89133942980096,NAIVE_BAYES,NONE,OVERSAMPLING,NONE,0.4,0.038461538461538464,0.851430254981787,0.049067970489370054,2.0,3.0,356.0,50.0
BOOKKEEPER,5,77.89133942980096,NAIVE_BAYES,NONE,SMOTE,SENSITIVE_LEARNING,0.5555555555555556,0.09615384615384616,0.5425058924362546,0.1315102548166565,5.0,4.0,355.0,47.0
BOOKKEEPER,5,77.89133942980096,NAIVE_BAYES,NONE,SMOTE,NONE,0.625,0.09615384615384616,0.864313263338333,0.13756924626489891,5.0,3.0,356.0,47.0
BOOKKEEPER,5,77.89133942980096,NAIVE_BAYES,NONE,UNDERSAMPLING,SENSITIVE_LEARNING,0.5333333333333333,0.15384615384615385,0.567173773301907,0.1930938907495097,8.0,7.0,352.0,44.0
BOOKKEEPER,5,77.89133942980096,NAIVE_BAYES,NONE,UNDERSAMPLING,NONE,0.5714285714285714,0.15384615384615385,0.7903096207413756,0.1994546162835997,8.0,6.0,353.0,44.0
BOOKKEEPER,6,81.3566739606127,NAIVE_BAYES,BEST_FIRST_FORWARD,NONE,SENSITIVE_LEARNING,0.3333333333333333,0.05,0.5198186528497409,0.06403013182674218,2.0,4.0,382.0,38.0
BOOKKEEPER,6,81.3566739606127,NAIVE_BAYES,BEST_FIRST_FORWARD,NONE,NONE,0.5,0.05,0.7892163212435234,0.0751194094659142,2.0,2.0,384.0,38.0
BOOKKEEPER,6,81.3566739606127,NAIVE_BAYES,BEST_FIRST_FORWARD,OVERSAMPLING,SENSITIVE_LEARNING,0.625,0.125,0.5586139896373057,0.18275444264943463,5.0,3.0,383.0,35.0
BOOKKEEPER,6,81.3566739606127,NAIVE_BAYES,BEST_FIRST_FORWARD,OVERSAMPLING,NONE,0.5714285714285714,0.1,0.7207253886010363,0.14633645051895994,4.0,3.0,383.0,36.0
BOOKKEEPER,6,81.3566739606127,NAIVE_BAYES,BEST_FIRST_FORWARD,SMOTE,SENSITIVE_LEARNING,0.5,0.175,0.5784326424870466,0.22134893072564438,7.0,7.0,379.0,33.0
BOOKKEEPER,6,81.3566739606127,NAIVE_BAYES,BEST_FIRST_FORWARD,SMOTE,NONE,0.5555555555555556,0.125,0.7998056994818653,0.17564751414111385,5.0,4.0,382.0,35.0
BOOKKEEPER,6,81.3566739606127,NAIVE_BAYES,BEST_FIRST_FORWARD,UNDERSAMPLING,SENSITIVE_LEARNING,0.42857142857142855,0.15,0.5646373056994819,0.18241637726192697,6.0,8.0,378.0,34.0
BOOKKEEPER,6,81.3566739606127,NAIVE_BAYES,BEST_FIRST_FORWARD,UNDERSAMPLING,NONE,0.5,0.05,0.6952720207253886,0.0751194094659142,2.0,2.0,384.0,38.0
BOOKKEEPER,6,81.3566739606127,NAIVE_BAYES,BEST_FIRST_BACKWARD,NONE,SENSITIVE_LEARNING,0.6666666666666666,0.1,0.5474093264248705,0.1531701192718146,4.0,2.0,384.0,36.0
BOOKKEEPER,6,81.3566739606127,NAIVE_BAYES,BEST_FIRST_BACKWARD,NONE,NONE,0.3333333333333333,0.025,0.7818976683937824,0.03385330235645547,1.0,2.0,384.0,39.0
BOOKKEEPER,6,81.3566739606127,NAIVE_BAYES,BEST_FIRST_BACKWARD,OVERSAMPLING,SENSITIVE_LEARNING,0.625,0.125,0.5586139896373057,0.18275444264943463,5.0,3.0,383.0,35.0
BOOKKEEPER,6,81.3566739606127,NAIVE_BAYES,BEST_FIRST_BACKWARD,OVERSAMPLING,NONE,0.5714285714285714,0.1,0.7207253886010363,0.14633645051895994,4.0,3.0,383.0,36.0
BOOKKEEPER,6,81.3566739606127,NAIVE_BAYES,BEST_FIRST_BACKWARD,SMOTE,SENSITIVE_LEARNING,0.5,0.175,0.5784326424870466,0.22134893072564438,7.0,7.0,379.0,33.0
BOOKKEEPER,6,81.3566739606127,NAIVE_BAYES,BEST_FIRST_BACKWARD,SMOTE,NONE,0.5555555555555556,0.125,0.7998056994818653,0.17564751414111385,5.0,4.0,382.0,35.0
BOOKKEEPER,6,81.3566739606127,NAIVE_BAYES,BEST_FIRST_BACKWARD,UNDERSAMPLING,SENSITIVE_LEARNING,0.5,0.05,0.5224093264248705,0.0751194094659142,2.0,2.0,384.0,38.0
BOOKKEEPER,6,81.3566739606127,NAIVE_BAYES,BEST_FIRST_BACKWARD,UNDERSAMPLING,NONE,0.5,0.025,0.6953367875647668,0.03902549063839341,1.0,1.0,385.0,39.0
BOOKKEEPER,6,81.3566739606127,NAIVE_BAYES,NONE,NONE,SENSITIVE_LEARNING,0.6666666666666666,0.1,0.5474093264248705,0.1531701192718146,4.0,2.0,384.0,36.0
BOOKKEEPER,6,81.3566739606127,NAIVE_BAYES,NONE,NONE,NONE,0.6,0.075,0.813309585492228,0.11486414491209405,3.0,2.0,384.0,37.0
BOOKKEEPER,6,81.3566739606127,NAIVE_BAYES,NONE,OVERSAMPLING,SENSITIVE_LEARNING,0.625,0.125,0.5586139896373057,0.18275444264943463,5.0,3.0,383.0,35.0
BOOKKEEPER,6,81.3566739606127,NAIVE_BAYES,NONE,OVERSAMPLING,NONE,0.625,0.125,0.8140867875647668,0.18275444264943463,5.0,3.0,383.0,35.0
BOOKKEEPER,6,81.3566739606127,NAIVE_BAYES,NONE,SMOTE,SENSITIVE_LEARNING,0.6,0.15,0.569818652849741,0.2103414634146347,6.0,4.0,382.0,34.0
BOOKKEEPER,6,81.3566739606127,NAIVE_BAYES,NONE,SMOTE,NONE,0.7142857142857143,0.125,0.7998056994818653,0.19011406844106415,5.0,2.0,384.0,35.0
BOOKKEEPER,6,81.3566739606127,NAIVE_BAYES,NONE,UNDERSAMPLING,SENSITIVE_LEARNING,0.6363636363636364,0.175,0.5823186528497409,0.2438837186990307,7.0,4.0,382.0,33.0
BOOKKEEPER,6,81.3566739606127,NAIVE_BAYES,NONE,UNDERSAMPLING,NONE,0.5555555555555556,0.125,0.7953044041450777,0.17564751414111385,5.0,4.0,382.0,35.0
